perm,b2024,b2025
1,-0.170508475255618,-0.379929256492914
2,0.0689511109732138,0.0497756225813644
3,-0.239580859906959,0.00345689395980017
4,0.174761237661515,-0.0736958445964512
5,0.310086834355954,0.245719339881975
6,-0.0204925658062563,-0.285991413415023
7,0.135178946493136,0.473454486430301
8,0.27950319838147,-0.0575255310095054
9,0.100306157453236,-0.156879658062109
10,-0.0903361749182026,0.0620776799424857
11,-0.217763628646367,-0.0359906977144849
12,-0.0754372789519737,0.172105667668053
13,-0.0830277732719623,-0.172584244922763
14,-0.144538987709092,-0.197150486146983
15,-0.112643987295734,0.0155980349941337
16,0.128597981371639,0.27262873226914
17,-0.130529070039923,0.0492548000628873
18,-0.195788102004241,-0.251070145948273
19,-0.123520690114705,-0.213817887593101
20,0.160334274726195,0.186411523298085
21,0.0444065188384733,-0.31278968502054
22,0.163241213080019,0.339092915379273
23,-0.11182874889297,-0.552486671818822
24,-0.345228590217598,0.18612552844541
25,0.122955013868953,0.413955964078684
26,-0.251001941347971,0.0829250320052584
27,0.0291771616428044,-0.618191842171768
28,0.111403711523139,0.216868185522724
29,0.0529432806455431,-0.0906667011408273
30,0.0582089679408945,0.192831985208159
31,-0.0220589027993475,-0.0983852125721585
32,0.08864733699067,-0.338070663130695
33,0.0234416694641845,-0.0108787354355996
34,-0.0900768263708185,0.0579565365488129
35,0.155550719129034,-0.149598584061438
36,-0.0657911936553709,-0.0525745111136993
37,0.205250354661354,0.188319262415337
38,-0.288132574396045,-0.192848273807038
39,0.0679298600547871,0.0052839416478941
40,-0.0997683718898408,0.173009421676042
41,-0.00624539954108428,0.00347109167309515
42,0.0529751707393,0.116503399334046
43,0.0152842295426441,-0.194697868118355
44,-0.0262005049915953,0.187236325710164
45,-0.322518750971572,-0.125091026053403
46,-0.00244076413895802,0.0565276338754554
47,-0.34950443013383,-0.429762093243257
48,-0.113884583016206,0.247116282567677
49,0.228390450901944,0.0155538789873838
50,0.0968963256650447,0.200933403118463
51,-0.244996030020011,-0.499993572992901
52,-0.177801132723682,0.208431180314437
53,-0.131273885921719,-0.209592144938777
54,-0.35352953885629,-0.333775729998939
55,-0.491982650732495,-0.216835512486051
56,-0.15501606634026,-0.0321590340423792
57,-0.10368554295599,-0.0419555194843398
58,0.0513462958834392,-0.271887892655489
59,-0.0211420823535942,0.13766635598702
60,-0.0900654926764663,0.162233919662496
61,-0.104946434685812,-0.00947912578508006
62,-0.0683546198524049,-0.357353659789419
63,-0.215814134322757,-0.0318455551872316
64,-0.26023232935517,-0.233052833443558
65,-0.235387970506835,0.157549702909584
66,-0.0904921841943018,-0.042565652477568
67,-0.41917503684322,0.00203997448348581
68,0.112461799429827,-0.0112449004111973
69,0.147470940696363,-0.294596195088316
70,0.061194245839906,0.175369431525656
71,0.130521289014395,-0.0476133052395184
72,-0.0709368093911486,0.0247913765838711
73,-0.263274121481624,0.0559533484180791
74,-0.441331695884701,-0.230551039186004
75,-0.224912366163662,-0.42541271764352
76,0.0469242560084822,0.259368644240122
77,-0.131999093518078,-0.0205569744208524
78,0.172768388000886,0.0934909645046142
79,0.0693028342255908,0.0159361788792471
80,-0.149157543438955,-0.289329903867076
81,-0.0919579297688188,-0.00920323446478123
82,0.00830415696832895,-0.0117787587913552
83,-0.0818313763904896,-0.247897596425843
84,-0.213361110207114,-0.21497135281951
85,-0.295100114767195,-0.176832749009255
86,-0.0420893622689526,-0.236773948118098
87,-0.153355745835065,-0.278225165305907
88,-0.172808742401734,-0.161870923290825
89,0.054889378254278,-0.114423986198677
90,-0.486022005144248,-0.38166178094916
91,-0.164190867671697,0.0154508015260405
92,-0.130202537163579,-0.266951440141133
93,-0.0743263416299918,0.146969621522137
94,-0.0850004658814466,-0.0373073635591504
95,0.127077618620809,0.176622827857969
96,0.202683608251248,-0.0397027774685718
97,-0.253657868562666,-0.107018301589212
98,0.338676959935509,0.512469372066675
99,-0.0525468926827309,0.105356707102172
100,-0.16534239057143,-0.0376385957049953
101,0.0135674287315312,-0.622909485525841
102,0.0578888326979618,-0.00124905635112964
103,0.121885663217097,-0.154911168416908
104,-0.0728372463943227,-0.136112207189983
105,-0.235464479926395,-0.237377434809415
106,0.00138525113564229,0.283726403728186
107,-0.067781931475045,0.177484094755779
108,-0.0395236943367563,0.195877495733873
109,-0.06714573640071,0.0603897840237664
110,-0.00665794638413074,0.00376299472449045
111,-0.181401767878704,-0.0229781981761544
112,-0.222952530959903,-0.32162190776838
113,0.302809116313921,0.178864009465533
114,0.0595491424584375,0.0994265142800555
115,-0.25279615543579,-0.208547935561323
116,-0.17012954572134,-0.350951254038611
117,-0.107916107199781,0.150789315872878
118,0.0216521422695359,-0.0960108966818621
119,-0.403483124107542,0.1188614276051
120,-0.266238995403954,-0.312799793388839
121,-0.124590859050346,-0.395156362623115
122,-0.0869204261625218,0.121614793266067
123,-0.130690953757334,-0.224587171853927
124,-0.341308746663586,-0.501670018855957
125,-0.0124938579780628,0.186713465638193
126,-0.0443948032241874,-0.549124401834384
127,-0.0188003410909234,0.128987801074967
128,0.0612807996167244,0.162346584190327
129,-0.0612293778920095,0.142741589757024
130,0.348594159896333,0.169737313926066
131,-0.194039833457046,-0.0158431952651777
132,-0.0643169606894855,-0.208438642629121
133,0.152765844242932,0.20620831771053
134,-0.214655154052401,-0.1746962372589
135,0.107290855180418,-0.206080794986669
136,0.0183368715419333,0.0988517345616677
137,0.155437413483211,0.00166090400174648
138,-0.339178703865987,-0.500126852526678
139,-0.196376460053432,-0.104220058918076
140,-0.143529111788453,-0.347146650293509
141,-0.0043471835047467,-0.102347278208285
142,-0.24112627842739,-0.406756604456817
143,-0.120208545243215,-0.484453171800436
144,0.0432768332460158,0.122585860675059
145,-0.200016408685255,-0.25366558858419
146,-0.345846678359716,-0.36756533853277
147,-0.0284867610691923,0.105108981563994
148,-0.162120023662795,-0.079198703602222
149,-0.0304686062530538,-0.0583122805382657
150,0.00626467948821186,-0.209256072555287
151,-0.264875282784363,0.0161228148096416
152,0.402758399046843,0.294663742093713
153,0.0645668839072499,0.140011805459959
154,-0.239642532196894,-0.0165499539095556
155,0.0982205930797279,-0.295049735860827
156,0.00413124807441508,-0.150580271773103
157,-0.0484635082443529,-0.192819803300074
158,-0.332237295826804,-0.336270962512192
159,0.0440858548916445,-0.0114648401896605
160,-0.159060394390477,-0.16666857532745
161,-0.202098841545877,-0.169823949848419
162,-0.424947612535542,-0.171922942454676
163,-0.109510046475395,-0.080847428500049
164,0.222283411518148,0.332476482844859
165,-0.542218885360753,-0.281152154952701
166,-0.103522520421404,-0.240927135490609
167,-0.14094426501029,-0.0964668908173499
168,-0.0677649154559674,0.141040092342376
169,-0.350455869351586,0.206606792473365
170,-0.018293048246433,0.0595306554631497
171,-0.323054049821974,-0.0603743455131811
172,-0.253007499855021,0.0551152082176991
173,0.0567680186651967,0.0296711486457923
174,-0.358469752303015,-0.125341401914483
175,0.154784596812964,-0.0699265256179328
176,-0.101308232939854,-0.0447522014616204
177,-0.0546820509029529,-0.293104839618492
178,-0.04369533850517,0.256720080924744
179,-0.288809459446376,-0.0371346536108697
180,-0.18061903746052,-0.0368561784007821
181,0.0777462304504837,-0.000107189284215006
182,-0.287718322997569,-0.320035517534857
183,-0.0932939288597554,-0.448179406290503
184,-0.078220403729938,-0.167363369730869
185,-0.158442185068449,-0.0254080278771889
186,0.0604414429879432,-0.0920984863270067
187,-0.0618910775154352,0.372690704895706
188,-0.118619267116044,0.0154316018866727
189,-0.142528289610584,0.0593903854094238
190,-0.253484075877866,-0.112756184691389
191,-0.189450252039544,-0.164767668763813
192,0.046360696738532,-0.12082720218023
193,-0.276137513036311,-0.135853482617216
194,-0.259688697270733,-0.426503503168506
195,-0.175854545177748,-0.173036420159976
196,0.00110281172381417,-0.291318547576479
197,-0.384178606802857,-0.39846129517852
198,-0.0738654503336287,0.00258858291372199
199,-0.420522376423467,-0.285024498843311
200,0.0906839353076937,0.162318593243593
201,0.162469246048544,-0.00568780375066073
202,-0.146017969068823,0.26874974242318
203,-0.0277581549515031,0.140295422881585
204,0.0516049066628499,0.173640150537709
205,-0.0418272454338167,-0.164272362945278
206,-0.0115745099974299,-0.327258955315024
207,0.101810603941322,0.235346764719779
208,-0.0463601878233053,-0.147894482880637
209,-0.0543481593866177,-0.0119085513537533
210,-0.362654957962525,-0.154471352689025
211,-0.072566931966138,-0.243896776889839
212,-0.106219159456245,0.297286645681295
213,-0.303120896664691,-0.642230899085907
214,-0.0246355517246586,0.2644342427601
215,-0.0555117501455568,0.304049362054057
216,-0.284943338542139,-0.0819422478495733
217,-0.194571316091018,-0.15338536381755
218,0.116528674635617,0.0749088039483542
219,0.263123247902278,-0.122133958135387
220,-0.0554964997201984,-0.122291037305191
221,-0.272191697874686,-0.0380158626790075
222,-0.0603457730190301,-0.305013234614939
223,-0.00853324845811629,-0.0476068209865959
224,-0.192721662894834,-0.24010411116705
225,-0.0774258716701579,-0.186984229344951
226,0.145546331876721,-0.30867970817313
227,0.129502125733101,-0.19458579863976
228,0.00811379940101704,-0.0860154160065687
229,-0.102601998912832,-0.213369109541711
230,-0.223388126897672,0.0349805695525527
231,-0.3192539920248,0.0781123579988143
232,-0.055314118377192,-0.19948683152554
233,-0.35517623445481,-0.423009857080741
234,-0.185765554222201,-0.336435143146397
235,-0.0898682053768767,-0.204880293428209
236,-0.168382416660668,0.153438536329127
237,0.0573622803382788,0.203833346171815
238,-0.21207992692909,-0.209592429559313
239,0.097500809268911,-0.0555445241709896
240,-0.16451620348268,-0.348487938740056
241,-0.123458611594427,0.0661627170357473
242,0.133852459823274,0.0152679580526062
243,-0.255670507538783,-0.320198483637948
244,-0.0767177658801716,-0.0552857593321091
245,-0.0837350174187679,-0.069899425709604
246,-0.249139751579835,-0.516278632652151
247,-0.0254208357775769,0.0665136287542592
248,-0.0756610653086504,-0.108068265624994
249,-0.051956394262181,0.0977812888736168
250,-0.086350862699752,0.12526411555502
251,0.174418329474767,0.0707288069806894
252,-0.00524340897020055,-0.0897028310480014
253,-0.0822262393363787,-0.0721696285677987
254,-0.361882279654054,-0.0414458881797113
255,0.134633954342035,0.0667750192613021
256,-0.136943528459968,-0.503614418115576
257,-0.263451296762791,-0.544107472558129
258,-0.37680092668863,-0.165801238563792
259,-0.471560461269591,-0.624775161289033
260,0.317503099880924,-0.266773450259704
261,-0.216129020702799,-0.307966438989129
262,-0.0606752244468456,0.127000177027995
263,-0.0155400895098533,-0.203803051104341
264,-0.0856211226481084,0.0859122611185028
265,-0.0409309980346592,-0.220306281924092
266,0.0266064391987019,0.186758040161342
267,0.0860889518963324,0.311532316275273
268,-0.190177138590602,-0.287588172211094
269,-0.000911014284731101,0.220413867217416
270,-0.129426985434482,0.165019135799602
271,-0.311527642625497,-0.391283870081767
272,-0.0344027924649182,0.0758178506643613
273,0.0657742696406463,-0.250989253732852
274,-0.0384648658480949,0.00594377049287366
275,-0.00105667533753749,-0.00352573152413371
276,-0.371476774656227,-0.025579944728226
277,-0.134305110922986,-0.457081626892935
278,-0.223520230380381,-0.0608502460952989
279,-0.313138646751162,-0.201893301992039
280,-0.119656696895208,-0.0309144993256853
281,0.139403706796115,0.376323207563647
282,-0.240971216500976,-0.282715761055069
283,-0.0943084001303064,0.309173786807752
284,0.276102408393691,0.190954378414212
285,0.047773694998267,-0.166091365424205
286,-0.12964527753468,0.0507655132998293
287,-0.142507118308524,-0.0674852804227683
288,-0.183968021130715,-0.0398131533514808
289,-0.304591383987474,-0.137817938036975
290,-0.0546863580266082,0.151634368179049
291,-0.228339868893817,-0.140861413140033
292,-0.203184029459656,-0.114151913590489
293,-0.664446136556948,-0.615361807551428
294,-0.239822796860741,-0.0786102341063607
295,-0.277974454938965,0.0547704120949331
296,0.0180459706795323,-0.392747798320537
297,0.120894895295428,0.0532224840031993
298,0.00107196739941778,-0.0920035453336236
299,-0.482347238537149,-0.0960768995216326
300,-0.303425439545062,-0.354548140541741
