perm,p2019,p2024,p2025,ppool,se_p2019,se_p2024,se_p2025,se_ppool,regions_real_drawn
1,0.0417574950671084,0.0321406238878227,-0.122170251478789,-0.0209770075129229,0.068390487278213,0.0543886219555122,0.0790662954686136,0.0463066981953377,11
2,-0.191062571159267,-0.197324827494867,-0.172820003571936,-0.18135112814895,0.0620163058233195,0.0509205129843737,0.0785252539994993,0.0441644613629712,17
3,-0.100151842391002,-0.271301135356071,-0.141262543800494,-0.276310840437258,0.0616463982962408,0.0508287700795098,0.0782080284702626,0.0444517481294444,17
4,0.112241708991125,0.0784019004941605,0.102651160015088,0.082861702128211,0.0661003573076499,0.0620395696091186,0.0850643275784947,0.0535561461571055,13
5,0.0703082389769484,0.146437389301296,0.13509306955216,0.153881062986183,0.0717364521966417,0.0614920171468484,0.0913884278705555,0.0542484636238589,12
6,-0.0171071200010427,-0.0703374886318754,-0.0793754066606656,-0.115882843915071,0.0647464876843169,0.0527487119351247,0.0843457199387682,0.0465005876454604,13
7,0.0256209728952582,0.0156892861793352,-0.244462178690017,-0.0535760596676919,0.066929188632944,0.0592500603941129,0.0834037877633704,0.0514411255533839,12
8,-0.225957268020072,-0.215039724247809,-0.0639703549342854,-0.160566174686339,0.0656556378491412,0.0525161338787173,0.0875215689825162,0.0461203834079553,9
9,-0.011167222851943,0.0844679711347454,-0.0641859578295437,0.0561716897567557,0.0698719301507301,0.0567453040055072,0.0797035425458577,0.0488664318018003,15
10,-0.0288059061244269,-0.225397792310199,-0.160648539623074,-0.260627456549163,0.061529690378748,0.0504499910263603,0.0763488169073774,0.0440529910545729,18
11,0.0631214135015172,-0.0650978943910281,-0.0722677088055416,-0.140874175583447,0.0616490519672635,0.0513424384155116,0.0771219329201965,0.0444938151730718,10
12,-0.110735416388568,-0.147318817485936,-0.0668172879553793,-0.139347635200712,0.0617869205324269,0.0515744666726365,0.0759410722949784,0.0441713270251114,15
13,-0.0747637156966333,-0.134379529196043,-0.194408120945926,-0.166792808418775,0.0607475097344405,0.050091403610872,0.0758133162005096,0.0434130953104509,16
14,0.112332637080917,0.0863774810561418,0.119046854417737,0.0800304860473703,0.0757280415759181,0.0633389305786723,0.0858260049854794,0.0539070291419875,12
15,-0.175361717068604,-0.130958741703469,-0.277453111933863,-0.163163838531956,0.0635896368635859,0.0523330258016579,0.0866634831171318,0.0456514180568162,12
16,-0.127122541097538,-0.205205826427213,-0.19594732602323,-0.200646611335487,0.0621237242890874,0.0530008046861762,0.0847686611892706,0.0461380179267502,13
17,-0.0718299274917507,-0.185759127291811,0.0644943302820312,-0.149195314949939,0.0722397994575661,0.0539022511897498,0.0841176851963211,0.0475763914988288,8
18,-0.173349392734356,-0.226474267179201,-0.145906130315981,-0.200005252482531,0.069478699626694,0.0533444182663223,0.0836100678000196,0.0469200366818339,12
19,-0.0556493463827728,0.0479830969155627,-0.190134126828611,0.0194813096652741,0.0673872901710589,0.0558324703941738,0.0884036090565297,0.0479974259242293,15
20,-0.0224063294779737,-0.121752999073893,-0.232562891811394,-0.191880649933644,0.0622212808008494,0.0503456415105085,0.079331897657407,0.0439572142730785,15
21,0.0106700200133225,-0.0209084122794331,-0.140385473440624,-0.0585054948292884,0.0728605311144675,0.0572130360673269,0.0841433931154487,0.0503310186856139,9
22,-0.00137449724128509,0.0315424264501143,-0.107698762993583,-0.0146667170390199,0.0668614809244331,0.0535019968141422,0.0821454187793654,0.0460028680826736,12
23,0.0741168182403035,0.0590405710866065,0.0130379186476431,0.0287800060597228,0.06576452435518,0.0551380620476937,0.0785130259764401,0.0478665899574304,13
24,-0.0179479500657999,0.000415955863375221,-0.142978614795262,-0.0222770496818157,0.0669212891884964,0.0586100085652134,0.079349416349879,0.0487149155215655,14
25,-0.142620485019038,-0.267844787109974,-0.100318256703205,-0.232191176077036,0.067035051065076,0.0568796423457922,0.0943255566506592,0.0502675957059528,10
26,0.0376357202557344,0.0357665152981483,0.115366228232117,0.0752405215739188,0.0682387633733372,0.0588546374231698,0.081234705663494,0.0492930042389205,11
27,0.0129242285242635,0.0747366437743818,-0.137325437952399,0.00821838684021244,0.0662003190530982,0.0546693531334545,0.078113340363701,0.0472011865260626,12
28,-0.085874081922368,-0.172768619959838,-0.13910988826406,-0.202953851940313,0.0650141063728697,0.0542440324698569,0.0920379627304129,0.0472796468516116,8
29,-0.161357000771535,-0.209350506332365,-0.353205755553881,-0.245831963795809,0.0708789993067318,0.0512257906068626,0.0828425164226493,0.0453953631218919,14
30,0.140932334663111,0.118931682815993,-0.12138709456509,0.0211215767140201,0.0676643473381394,0.0574509513711866,0.0778331944272652,0.0494387964711574,13
31,-0.0234255719482896,0.0746177414181913,-0.0760856426266363,0.0574794754712736,0.0656492120450238,0.0598665330095229,0.0920844262304994,0.0506967710866367,11
32,0.103248050951898,-0.0273859124315762,-0.10664531922878,-0.0413552531792795,0.0713671556141214,0.0628676697312082,0.0886138295828653,0.0547827677380231,12
33,0.0700621061105311,0.0402564294143395,0.0245071401765037,0.0247038638467542,0.0682734588876867,0.0556923850315376,0.07614162591334,0.0479556531071343,12
34,-0.190597452971566,-0.144140522140563,-0.104736165610834,-0.138117408357716,0.0667708921135607,0.0533363081369344,0.0898600206186384,0.0464839636524815,13
35,-0.148218341347954,-0.232287683374561,-0.15387762996092,-0.2358302133641,0.0629553226713502,0.0505917997677122,0.0785266567821126,0.0441863273511112,9
36,-0.10802718971791,-0.0860387680312832,-0.0934326317491567,-0.0990840043877525,0.0632928174375116,0.0505736877190602,0.0768503884962962,0.0438538027686454,13
37,-0.0321159641813539,0.0169735934266574,-0.262378674816351,-0.0441725351421765,0.0637499182801422,0.0529343394657594,0.0794936889151482,0.0452582153365555,14
38,0.109687136797144,0.0108590408992873,-0.166340843447652,-0.0590325498296657,0.0697121282899101,0.0589323592434509,0.0779386024254067,0.050163868570014,13
39,0.0581685029084164,-0.0601678760116858,-0.169330607364287,-0.100417443420326,0.0605493426022447,0.0503318005387201,0.0728068444738668,0.0431766804180183,19
40,-0.0825373908610089,-0.118674248148245,-0.108772885552294,-0.125210825737456,0.0617864703619178,0.0505165446204313,0.0777586351775418,0.0439746431842389,13
41,-0.192371939799509,-0.25290959528512,-0.40726412040666,-0.276695467109775,0.0632379207603509,0.0512999713273619,0.0792745728369038,0.0442863139885041,12
42,0.00723035503310125,-0.077766468254394,-0.108386581501673,-0.128047218862638,0.0620015203884692,0.0518543867599736,0.0801292079940651,0.0452606046205154,13
43,-0.117384616788312,-0.216551592610064,-0.17904658517271,-0.222496942164351,0.0676254867873951,0.0537798590385566,0.0797206800828036,0.0465415111577844,10
44,0.0585197926561428,-0.0229707282814869,-0.0277965709783457,-0.0239922828126402,0.0689756405088084,0.05661280430133,0.082850424182494,0.0494981193051408,11
45,-0.0117775444709741,0.0785860226666931,-0.089723882533673,0.0506643446822538,0.0671515791860843,0.05555856603326,0.0802089377821836,0.0470402817196381,10
46,-0.177285452644182,-0.117796275498633,0.00389623943775934,-0.100934767866428,0.0675841266103738,0.052932588153499,0.0938207555044308,0.0468947872234253,12
47,0.000266631993230657,-0.0184488663530505,-0.0486261169713598,-0.00979714789813254,0.0682044382948533,0.063439642751568,0.0838541254354915,0.053260248868731,14
48,-0.0130680145564018,0.0765438621111508,-0.133171155038417,0.0219212457603786,0.0707568648374623,0.0581413145772588,0.0793497418483757,0.0498736482596463,13
49,0.130266423172825,0.0472497256066851,-0.0905932158234655,-0.0134678459050721,0.0722537825877186,0.0559522434209557,0.0873493995008635,0.0496331286270604,10
50,0.0919392848357661,0.0168737619708668,-0.229125401265374,-0.0647556546673984,0.0614478992218104,0.0547532700493488,0.0767859152826829,0.0464114300602792,16
51,-0.00523289697309776,0.120342815523513,-0.00138024916763345,0.103792241125572,0.0644758498026941,0.0545392539728021,0.0793249090606012,0.0465380377394272,13
52,-0.00780209954980276,-0.140697469755679,-0.146983948561408,-0.189165743692618,0.0691333847779562,0.0532651723654616,0.0912859367448868,0.0470913190171025,14
53,-0.163842348533091,-0.076956460797499,0.025123136218384,-0.0543383243856559,0.0676353689346107,0.0524633970365083,0.0847633654068958,0.0458333196460713,12
54,-0.156808939207768,-0.186748605259457,-0.0570591124982221,-0.149170395807071,0.0641599863768471,0.0517194947021784,0.0848484550152135,0.0453402341779378,11
55,-0.0956465511169786,-0.136212963873577,-0.079258724932766,-0.151072393680997,0.0648190320844748,0.0509870000178432,0.0780846816558943,0.0442503321553732,16
56,0.108548425355882,0.0506624559778339,-0.142771873641936,-0.0392119214651512,0.0662375143432345,0.0580405658092225,0.0798933161703488,0.0496040241092471,12
57,0.0120461273456393,-0.0940055988236767,0.148354024664373,-0.0919226343259142,0.0667197329805493,0.0544593548704821,0.0903240779737129,0.048527223918014,11
58,-0.0864419887550075,0.180065570021739,0.13061924693133,0.19063451382322,0.0876726166549429,0.0707981704606122,0.0968693938260167,0.0610315559132944,9
59,0.0943926592372886,0.0952543472643153,0.0338478383393946,0.0546548079642733,0.0636502903434077,0.0597093210583732,0.0833501846570522,0.0512400199058573,10
60,0.158616136097775,0.0636155567190288,-0.0289473489092309,0.00562101461671828,0.0683847905549964,0.0574219021883599,0.0839359252404522,0.0498239531089594,14
61,0.15614419358994,0.159293234366241,0.256193813666845,0.165891653531666,0.0719599406937579,0.0614151745630902,0.0879143454753098,0.0539158623564199,12
62,-0.0639216561977667,-0.145141601167289,0.0238167975840773,-0.12166770109485,0.0638580131133269,0.0518767446340234,0.0827653985969449,0.0454261723809864,12
63,-0.0774701566821647,-0.152069213358108,-0.245977506900042,-0.215583404287558,0.0607166653827298,0.0499662816669855,0.0749409175211584,0.0434020679931872,16
64,0.12301190760022,0.164650248004375,0.0740810355228652,0.122763526447828,0.066882673079404,0.0606206499754914,0.0849076079956581,0.0524783774384502,14
65,0.0431720098105638,-0.1324849747223,-0.25861344948762,-0.208809512449851,0.066004285576577,0.0530451370403734,0.0825059300893659,0.0464303057976139,13
66,0.0243001836834638,-0.0211056760330755,-0.123395749197698,-0.0365659296275483,0.0647716563126934,0.0571623644630304,0.0753611030742194,0.0487173153393916,14
67,-0.0728097237451526,-0.188199664314906,-0.172727935091303,-0.225424407073948,0.0646838406820656,0.0507378753431004,0.0766080212151371,0.0442091313031603,15
68,0.00640839461080355,0.0662773293133272,-0.054640889628968,0.0395259721062701,0.0633257533839895,0.0551646992667494,0.0808193759757244,0.0469086792056144,14
69,-0.115483890664822,0.0356428308166478,-0.159103947594532,0.00627882764984911,0.0756106245783627,0.0565928137528162,0.0811046700437649,0.0491913538197685,12
70,-0.0732751131119751,0.103661242465314,-0.0606065451562875,0.0980312273038981,0.0703514363711603,0.0605052249368798,0.0967604934533576,0.0515735882916976,8
71,0.0430884963133714,0.0311673908091142,-0.234848088977779,-0.0491172176362801,0.0660757847439099,0.055043930535584,0.0815750551046151,0.0480156231561505,15
72,0.0133683861080354,0.0925095983661777,-0.00348778709072947,0.0602524842466979,0.0655432658123021,0.0528622915191424,0.0769521442972992,0.0452004005875097,14
73,-0.0204354235966642,0.0443451995665803,-0.177735652064781,0.0187007488484618,0.0641087958459178,0.0565097373380636,0.0836037155306947,0.0480866578391177,15
74,0.00417299666604351,0.00612560247623575,0.118752939229965,0.0556611940530856,0.0674437938396458,0.061722641760931,0.0907067761754443,0.051852791394836,9
75,-0.0476194614567498,-0.145846451864466,-0.0342538351213045,-0.146854207233983,0.0624877293524155,0.0512163002674682,0.0806948083743983,0.0450434400707981,18
76,-0.021908862616559,0.0748192093809317,-0.105180023229502,0.0362029262376908,0.0665353764169214,0.055908588758683,0.0792956054110704,0.0471608086196714,9
77,0.123591949415282,0.105126356604357,0.0231613451187396,0.0466212187205797,0.0673613734449815,0.0558391191263807,0.0802486097317419,0.0487584703942299,9
78,0.0459077411197078,-0.0319929615745943,-0.142713430445501,-0.0565298895946616,0.0674957254544854,0.0563599405827895,0.0786409380106982,0.0488123906089227,13
79,-0.0865340618627803,-0.101173017871209,0.114365128370906,-0.0568551301997611,0.0627463588158652,0.0518071456913317,0.0786082743778517,0.0447186811798041,12
80,0.0219356696727303,0.000106992870337519,-0.0797050107502734,-0.0239163134142326,0.065558280584561,0.0548178731373322,0.077070794046417,0.0474974428978414,14
81,0.120370336451415,0.159821832223235,0.0106800285291172,0.0989647599071231,0.0665864089058619,0.059971685274093,0.0856562299889098,0.0518908582587901,12
82,-0.158835757148391,-0.197287598266102,-0.322200132320998,-0.247051908798016,0.0622429857711837,0.0507473781007181,0.0795574352378208,0.0445121470152072,18
83,-0.115102321610494,-0.127246039833397,-0.0117211519946953,-0.11332658166044,0.076958801672971,0.0546653527560464,0.0872510758286757,0.0481805963010642,12
84,0.0232272561611961,-0.258910001504934,-0.20072935425573,-0.301965353647693,0.062375350583511,0.0510406469851,0.0771114685708968,0.0445754382126437,15
85,0.141399234790146,0.11519633457685,-0.0728653230335035,0.0412603043484727,0.0682364368535301,0.0569854990796409,0.079316485623551,0.0492560864091193,14
86,0.084503077121263,-0.124916678746663,-0.0946862039162855,-0.170310522123827,0.0642434723032929,0.0521042872962066,0.0800679907556821,0.0455572455156496,13
87,0.18591895836858,0.0461236631893527,-0.0715740923493632,-0.018299939335505,0.0763195202399137,0.0675576490855613,0.091512145795975,0.0580185662401987,12
88,-0.0411066968558028,-0.185502605896774,-0.037351413854836,-0.182432884212264,0.0669955780280859,0.0528378670287259,0.084505338499303,0.0469084411460771,13
89,0.0542144310534581,0.156418537953159,0.0689440989020331,0.138706541353608,0.0701819792396509,0.057791690547171,0.0817351729733153,0.0503542720222689,14
90,0.0761224211727054,0.134002526878387,-0.00942732723011169,0.096381091223473,0.0694579615642016,0.0614176741446151,0.0847006005249829,0.0530585223495607,12
91,-0.115666707812524,-0.184295151121047,-0.132118681380143,-0.180005393352787,0.0699208746753605,0.0547447346861597,0.087230410145023,0.0478908522953816,14
92,-0.188553141891312,-0.130669063835605,0.00513114962412112,-0.106581275690455,0.064885855296739,0.0538503444277705,0.0933971861322781,0.0472494221666258,10
93,0.0246308062376183,-0.111877539258479,-0.0721720301382679,-0.141265541059264,0.0636732927110846,0.0512575472738789,0.0813086351679909,0.0451253708129136,13
94,0.0977683058000705,0.0553308760277647,-0.209559856947724,-0.0474862295872229,0.0678226956963751,0.0583439037564528,0.0812894268153689,0.0501504544576938,13
95,-0.0280937209196518,-0.275153594870917,-0.0343613045326323,-0.271680527820401,0.0673312326235644,0.0532818232061093,0.0874674725438342,0.04753960934011,13
96,-0.0568955574373778,0.0317048067783442,0.0480178961032318,0.0443435052888497,0.0701649892062618,0.0606743321103906,0.0930729272584063,0.0512566610116022,9
97,-0.0830439150772265,-0.122858639944249,-0.114441490958122,-0.147297034792986,0.0642330307749398,0.0506990377137552,0.080651017640678,0.0446942089469376,19
98,0.0929922358070728,0.0873019664897364,-0.0133768974381848,0.0474732854955747,0.0652989568983401,0.0600377598322713,0.0845545542362082,0.0519768914895798,15
99,0.100362878662194,-0.028795666809089,-0.140339040898843,-0.0908303295084386,0.0685574310140408,0.0627207916020616,0.0823025701875849,0.0529743413879538,13
100,0.0713931507685527,-0.0754058832132521,-0.126513210823487,-0.143742934414652,0.0612829789011848,0.0509269413998818,0.0784057060043476,0.0443932476680228,13
101,-0.137021433832892,-0.242049556646601,-0.26535047739002,-0.265226655682568,0.0631478792337105,0.0503716925837887,0.0791970975487621,0.0440513791969566,10
102,-0.131437588563173,-0.0564221419034544,-0.0600295746991136,-0.00958606241118696,0.0720235476606131,0.0581815464287556,0.0882113215989625,0.0498039987889396,11
103,0.0940052270751106,0.0108096067742134,-0.0669776819725647,-0.0115169170054303,0.0631399503428059,0.0564072593752157,0.076663001613274,0.0484436736743173,18
104,0.00872846765983183,-0.162252144250107,-0.174592808100002,-0.212761620606975,0.0661211550053517,0.0530682484013603,0.0808610075860874,0.0461507360144291,9
105,0.0286098006890794,-0.122577397135312,-0.0674419579813921,-0.14950469618974,0.0662688855617903,0.0514582291861948,0.0777866227834057,0.0448794283942083,10
106,0.0288767024771161,-0.0259062093342075,-0.101884412613813,-0.0445280606519308,0.0627756220800938,0.0527684084093706,0.077354066591917,0.0452955779019544,14
107,0.00362098281608439,0.110120264343448,-0.00446614197498413,0.0713438850232965,0.0682450281632059,0.0528331267269129,0.0768881778837272,0.0461498476035174,12
108,-0.0789394187387472,-0.253866472992276,0.00957797480420865,-0.193979825902404,0.064025073770414,0.0541529107761784,0.0816332334051489,0.0471237516344046,14
109,0.0530023486816875,0.0854299866222367,0.00647281726161055,0.0681346867915452,0.0652420031589752,0.0558513450101187,0.0837154601893115,0.0476302897971172,13
110,-0.0239490626662724,-0.139508180071464,-0.0627975823869071,-0.158122840646744,0.0656455824988354,0.0531838914616011,0.0849226301141984,0.0468902105003539,10
111,-0.111156693697991,-0.0351617176687722,-0.0876457555538128,-0.0272429984219319,0.0670336171288838,0.0529243018125,0.0803858396471994,0.0456898651850499,14
112,0.134041267296447,-0.0411103913296087,-0.137372512342449,-0.072953948150577,0.0680225680021426,0.0643486876450176,0.0873840396643744,0.0553092728896427,13
113,-0.087504285816972,-0.137096104668188,-0.0946479505370786,-0.149953407410203,0.060164862279782,0.050164747677634,0.076685329813255,0.043554705715137,16
114,0.0746852152489033,-0.0604918933281741,-0.154591776752604,-0.0973364413139874,0.0636611326452155,0.0546513919901982,0.0755284573504152,0.0468480881529091,14
115,-0.097934421118681,-0.186360107781138,-0.160473403634517,-0.199173212739285,0.0656433063188832,0.0523357395257822,0.080970198831996,0.045505493208258,13
116,0.0142267184175432,0.100526256381691,-0.0806536911292315,0.0477233262875981,0.0687298052290406,0.0589819422010024,0.0828921615468969,0.0509918052352809,12
117,0.0781287521635797,0.0518913571478252,0.0054643974065161,0.0674080274647282,0.066892647329183,0.0604195914948983,0.0829442001923652,0.0518760783752588,11
118,-0.212768468882418,-0.18979895014842,-0.0980759436063192,-0.164780158470115,0.066899745925184,0.0517160343496512,0.082738059056372,0.0450484527834529,14
119,0.0436212511280064,0.0680778550857117,-0.226771658444478,-0.000309819994181409,0.061991536635683,0.0526610020202053,0.0776655142755849,0.0450847633782126,13
120,-0.0380947079330327,0.083725295529361,-0.104451637234595,0.0596896388017067,0.0687445252143528,0.0575277056992039,0.0859265425559562,0.0484427174435773,11
121,0.00799056604403542,-0.142520038382833,0.0514211460813161,-0.140602111090229,0.0688896925295869,0.0531196128420391,0.0833969707461139,0.0467590607782369,14
122,0.0492607127463207,0.121601893413558,0.0151270107719298,0.0741362977958922,0.0674786091725494,0.0617261055667419,0.0982131588775075,0.0525456849064821,8
123,-0.0784531110982452,-0.17067307582043,-0.330877005703153,-0.242330331125137,0.0667825120881895,0.0509362859223298,0.0801112185672736,0.0449743598775551,16
124,-0.0773779369902271,-0.0161466181209992,-0.0994195831001754,-0.000304780020066887,0.0667867077806467,0.0581056631068358,0.0929190754585023,0.049602511546997,13
125,0.0711978375949851,0.0707855445662121,-0.0844375645785819,0.0118450317044322,0.07401368108438,0.0616638128892535,0.0888687568782547,0.0537417808682882,13
126,0.0210433832905011,0.0561599283001927,-0.162444847731411,-0.0123608954411349,0.0646270871520801,0.0536850890046921,0.0771628627931839,0.0455098842391385,15
127,0.00851015579665356,-0.0316372738222844,-0.129105704121897,-0.0266642588975255,0.0679479025943442,0.0590002609788092,0.0848467898640952,0.0511846377849858,14
128,-0.0491933688175667,0.066207264314629,0.0730510516491863,0.0819070832787536,0.0697953124970581,0.0590764401616399,0.0882969704772034,0.0497190831875869,11
129,-0.0465804553702825,0.0114335976346533,0.000430549369260627,0.0501356685818466,0.0715485463958504,0.0637364152106568,0.0892055225045269,0.0529936166476268,10
130,-0.145992761090359,-0.161821563396432,0.00314163474639827,-0.120766774969535,0.0658676162380466,0.0515209014199177,0.0808603475748255,0.0448399477269866,13
131,-0.160932993064573,-0.205745238338078,-0.182172583301847,-0.18848762085703,0.0646640245177927,0.0521169503159517,0.0799038935269023,0.0454690498619263,13
132,0.0419506050900263,0.00734759415621822,-0.0943516048696395,-0.0140428760620592,0.0742079969725274,0.0600126273244523,0.0881628338698879,0.0524994456723846,8
133,-0.0415866670609101,0.021511104795511,0.098432351587805,0.0935774019972144,0.0742266979436075,0.0603636472971541,0.0850392273020432,0.0523499175708408,12
134,-0.157282282867453,-0.208772349511044,-0.184906286015543,-0.198448577147248,0.0639384556006133,0.0512389591772164,0.0784220999684731,0.0442686477817155,12
135,-0.0582703615836025,-0.189619086696142,-0.146799379530304,-0.199865297651348,0.0623907674425163,0.0510894006098559,0.0811663835778051,0.0446672986241269,14
136,-0.164541039664411,-0.207716784395934,-0.140650638341464,-0.188373190717733,0.0639745877908631,0.0526641935086872,0.0822934687073511,0.0456823589783207,14
137,-0.0274893549476745,-0.215623723873363,-0.198247735970526,-0.243138648686596,0.0608959466800753,0.0510051559586532,0.0814803664456382,0.0445791965046801,17
138,-0.00393061568663446,0.0892053651099027,0.126761801914894,0.101818064851364,0.0692414890675779,0.0601442836046061,0.0923839244657715,0.0513423436221964,10
139,0.0956175442923307,0.117826599888556,-0.125433278625783,0.0280727054587885,0.0742316471126124,0.0605061508313269,0.0821790482469282,0.0519067731465038,13
140,0.0556688303831721,0.0936950128680683,0.175034261015265,0.10507592025654,0.0659634437376042,0.0623136517374288,0.0899968335055093,0.0521193688381884,10
141,0.0108210674764111,-0.0764301006585498,-0.18522104435307,-0.0943764077936691,0.0663831847385452,0.0592928379538181,0.0818475795239342,0.0509382430261213,14
142,0.164666078220888,-0.0420161117646761,-0.357742574885202,-0.17760759333726,0.0614030694057728,0.051894972704695,0.0749162934894225,0.0450191120679089,17
143,0.00681607346283894,0.0110215192558726,-0.131095082583747,-0.0155454166266847,0.0638379487246774,0.0548838321387964,0.0799849233498484,0.046666318513116,11
144,-0.0217167367255083,-0.0374210417826728,-0.158117017177351,-0.104055357714928,0.0611657313847083,0.0505846126423994,0.080121576531628,0.0442178190315239,13
145,0.110104453358926,0.117662500740354,0.0784356621748771,0.101961952821699,0.0669652487373894,0.0602565793994806,0.0863495061450492,0.0519657751187186,12
146,0.145485121995727,0.0481525290939173,-0.0828242962778991,-0.0145665510389499,0.0650392060546238,0.0548799160927293,0.0791691477285006,0.0476206651712626,14
147,-0.0297484087011431,-0.179216464743472,-0.0730757097523972,-0.184495194404339,0.0653071183710629,0.0513028827838114,0.0805352976521433,0.045454271917226,14
148,-0.000463172503807336,-0.070158730325448,-0.0722461974253173,-0.0748496194076107,0.0632440146955652,0.0527177447593891,0.0752702876299171,0.0448845969956697,14
149,-0.0175687152490389,-0.191528658624257,-0.0100030582453964,-0.195921937311358,0.0625803334984528,0.052644178229047,0.079937625800853,0.0456394252639994,13
150,0.0325738313906048,-0.00145449937703286,-0.163327333575259,-0.0350895020492035,0.0727443432665699,0.0608014841110585,0.0802970798627222,0.0518326993453125,10
151,0.0211019382739168,-0.117577219962898,-0.120309236268815,-0.157820499203155,0.0642223675581809,0.0526176043536233,0.0849916734160997,0.0464541621778663,12
152,0.168251442924545,0.136736091216476,-0.0796237832158992,0.0586759294498767,0.0664428380126192,0.0607772201513847,0.0905576141159542,0.0534926055358632,13
153,-0.136411562278958,-0.15082047506292,-0.17140983211652,-0.169094024769011,0.0652727858081911,0.0528271034148145,0.0843170706354854,0.0462870166581677,10
154,0.0376581743958592,-0.0166515332862339,-0.0760944668159093,-0.0360552531421283,0.0640612184907823,0.0561311143147542,0.0802524801184545,0.0475271197712532,15
155,-0.107189928227156,-0.153319585951786,-0.232071056927759,-0.176724608741456,0.0609617567270054,0.0501741014876076,0.07499239076736,0.0432849803991244,13
156,0.169951746603497,0.110256077187824,0.0313587186917808,0.0498829390820303,0.0644863259585189,0.0555765659711797,0.0789421739365353,0.0480100767921344,14
157,-0.00388767987748912,-0.026033902370153,0.0559601045640012,0.0341682420035915,0.0701442083391151,0.0638265143294579,0.0834230478646908,0.0536264901922151,13
158,0.226830708480683,0.0834180606619133,-0.0626098416703958,-0.00318929566464376,0.0675314543334135,0.057042635533123,0.0778533085126198,0.0492125124934009,11
159,-0.095453385532247,-0.256192101434371,0.0920715982610159,-0.194112190623651,0.0695056359337348,0.0570607914257601,0.0889492423424925,0.0499254593787493,10
160,-0.0920584542684398,-0.15115051899578,-0.261605782435072,-0.218109361843652,0.0624865227891738,0.050430034511717,0.0795562399562429,0.0442014783644603,14
161,-0.0834888419910468,-0.0726325205916029,-0.123281596166719,-0.112708836805134,0.0656344267641354,0.0518168142416688,0.0823564961211485,0.0455875845233473,15
162,0.0324761944490642,0.10258806177694,-0.0454960932795416,0.0576338773963367,0.0783047904291856,0.0685205854404066,0.0948736572095755,0.0583227965332734,10
163,-0.0483768405674072,-0.18361258951141,-0.0867656892547684,-0.179511547293912,0.0668416630289162,0.0543620706694617,0.0837430329894032,0.0471772713657405,11
164,0.0134785836116594,0.0734907279051395,-0.207694113181417,0.00408258525925811,0.0632283765226021,0.0539925920643663,0.0773046106132041,0.0458173779233706,13
165,-0.0658965645010852,-0.222428429333711,-0.302071155409377,-0.26169941663845,0.0616403672127246,0.0522512183159228,0.0770597895443458,0.0450825229455675,12
166,-0.0902290831465698,-0.187636071909744,-0.252054906258582,-0.216998228334826,0.0623253418076259,0.0508816840260044,0.0793248078959331,0.0440972763249518,15
167,-0.219932198632471,-0.211453039329643,-0.291608492365332,-0.221672292736182,0.0649163948309098,0.0505706723232166,0.0804098689903651,0.0442852440928716,13
168,-0.0440159380185112,-0.268398015081765,-0.321457872461154,-0.310725165249432,0.0638229139488801,0.0507941993841526,0.0758296936951406,0.0442797424014778,12
169,0.0772438686851819,0.0648185047135246,-0.0509913974115011,0.0314818484247647,0.0624194727211539,0.0534192941043635,0.0803046226380218,0.0462044841738175,13
170,0.0625831430886073,0.132971205720716,0.111166973832364,0.113915486452739,0.0708827666273155,0.0633263843031446,0.08513225737083,0.0541022753831967,9
171,-0.0778383005824238,-0.190792747352546,-0.157415853285515,-0.217732652244323,0.066066809938308,0.0546636254444865,0.0870636757924849,0.0477692939173935,9
172,-0.0615209839127662,-0.238364559369578,-0.144300457967869,-0.258795575156027,0.0620300690967522,0.0508794468234883,0.0802303172858508,0.0445614591822205,14
173,0.0461568428203802,0.0943853829798832,0.0663610991459911,0.101538506114867,0.0720431172084017,0.0597115261415637,0.087133410739326,0.052400171668044,12
174,-0.0975320225361604,-0.18819485619144,-0.215105953880185,-0.225041410189361,0.0631230802973244,0.0513938520897118,0.0818872037882314,0.044730843133445,13
175,0.0472705838992649,-0.0380199675178512,-0.213482938439976,-0.0950973233892563,0.0711390036749708,0.0550508308883351,0.0829732155374948,0.0485248319535546,13
176,-0.149239653194193,-0.175562152362033,-0.246588639144674,-0.194195630084143,0.0640213662823221,0.0516747021104968,0.0819504340129101,0.0449634286037111,12
177,-0.139589122953152,-0.250389423118001,-0.195528578592372,-0.247274352276365,0.0599524672273651,0.0499967912030283,0.0763825010597259,0.0436151292048961,18
178,0.0636844982209905,0.0994281211100415,0.0738114140765727,0.0932141790697633,0.0720400916332448,0.0624749102158796,0.0834173786760599,0.0532457254415045,12
179,-0.09157691670263,-0.148704373305785,0.00946326610804658,-0.11735978295358,0.0624865550208922,0.0515784247901398,0.0799313658068637,0.0447363169664789,13
180,0.153731673485691,0.0238956168128921,-0.110092971480731,-0.0482035000306309,0.0662777667296149,0.0591554356360887,0.0804095300524422,0.0507096490845396,15
181,-0.108338647168939,0.0854401332403205,-0.082880013365812,0.0688869939585799,0.068893514415693,0.0530948611061535,0.0815663030158171,0.0457852471884016,11
182,0.021001371416876,-0.121710429016929,-0.0332461673530084,-0.136338130195039,0.0636804988165961,0.0517437165449247,0.0794714392578299,0.0451309279977874,14
183,0.017271166756536,-0.10359533267122,0.00879805932393488,-0.12531015120983,0.0629105221874705,0.0526135138494565,0.0814084431467471,0.0459437008657508,12
184,0.176522710315371,0.146284679944843,-0.00428283006726982,0.0809671743679297,0.0665348831224079,0.0589010315302779,0.078795983860559,0.0503922080113719,11
185,0.0242112687761704,-0.0402726471196443,-0.159231845233037,-0.0691003467503608,0.0665342030636892,0.0599057737831428,0.0812631300689014,0.0508816510330423,11
186,-0.111353698660081,-0.140860766147173,-0.207876415922128,-0.173768429207687,0.0629505799365842,0.0504287950152293,0.0758007052180204,0.0435387340085119,16
187,-0.0144037266851468,-0.0979466551571449,-0.0211233320605352,-0.124033100025893,0.0636173015010861,0.0531172568061292,0.0914764974391968,0.0476019820042373,13
188,-0.0707333278909109,-0.104476630336679,-0.119544239494492,-0.132198667740481,0.0629650688748055,0.0509440893302388,0.0780537470079792,0.0443552280179327,14
189,-0.01833921398537,0.0134587785552129,-0.170873587585009,-0.0119285336992907,0.0667394480670609,0.0540485678045108,0.0816455295741767,0.0465499214726165,13
190,0.168660872642205,0.0997643310753478,-0.0786060310681217,0.0239955044602865,0.0786463658194229,0.0603840527773217,0.0808888232711567,0.0522569498379463,11
191,0.0208163336740128,0.0781550420266818,-0.193596227780456,-0.011892749051473,0.0639068672947987,0.0549521751864852,0.0815031662286885,0.0465981071090314,14
192,-0.123349617382937,-0.174806603831516,-0.0672454343306346,-0.156089990157348,0.0607750016076239,0.0509767724830062,0.0773036766175387,0.0440232167938374,13
193,0.010324693245063,-0.147585533519908,-0.0748997720605138,-0.174582367518773,0.0616345758024675,0.0526412406036077,0.0753755430583119,0.0451538967222334,14
194,-0.0259048486855989,-0.140055376218764,-0.0228688159811485,-0.143476093156793,0.0624884488698998,0.0509931488216002,0.0805300860614634,0.0445305074829648,14
195,0.175569357290671,0.10289173923167,0.0103099479663701,0.048712889621081,0.068539414221224,0.0579777978687487,0.0774119107147304,0.0500012748429538,11
196,-0.0106349551615189,-0.0206567889077009,-0.103885300226325,-0.0351624634691024,0.0611654926069089,0.0518112732843197,0.0769473100313769,0.0446012554911243,17
197,0.00368396250599211,0.034146887983153,-0.0749623248707972,-0.00225538701705289,0.0809885538691773,0.0612700732465405,0.0858878250355108,0.0530268514470142,9
198,0.117555941553258,0.102438126308441,0.133973888271661,0.115398869053622,0.0720043896525068,0.0620457955328666,0.0818753720083513,0.0529590406649319,12
199,-0.0023365817588522,0.0976129725767823,-0.0502050421408288,0.0717199909827288,0.0689156021922551,0.0591459106109234,0.0844108305620678,0.0515276258030839,14
200,-0.00928622307225263,-0.206754215251165,0.0240633770926124,-0.198244747264106,0.0644984385395427,0.0539051889702217,0.082811631016463,0.0469637482011176,10
201,-0.0617765175891864,-0.213100691062268,-0.23209149767998,-0.240034732602512,0.060153632581931,0.0501168395691163,0.0754204018738447,0.0432469690968845,13
202,0.0456682259147556,0.104923638563274,0.0836928363323679,0.102558207844601,0.0698882687010091,0.0614573990237072,0.0878481460394311,0.0533105646261673,11
203,0.00602044043658057,-0.163780663407185,-0.0768689965420191,-0.182457225643588,0.0631550890087849,0.0524476598309554,0.0826730888186952,0.0461630565051161,15
204,-0.0135028211757267,0.0763809127024023,-0.290598948578296,0.0135252072183576,0.0666786234595358,0.0544781792350505,0.081856053243544,0.0466173580517186,14
205,0.0546699391505307,-0.00318810939834666,-0.0892473034435757,-0.0426588494824125,0.0644754858829318,0.0545925307483929,0.0787044755887637,0.0463431039858023,12
206,0.00341349188792229,0.151482838449533,-0.0158037754269318,0.0960420034160887,0.0707335161966937,0.0598744848968824,0.0804983115627683,0.0509666479297723,10
207,0.132030503561696,0.103706451774659,0.0689808500445323,0.0781497710333532,0.0651932853228177,0.0571480076181649,0.0805551092313134,0.0492892078264728,11
208,0.103742827200639,0.103087846765129,0.0781558497041425,0.0593960040129111,0.0716164616327928,0.0622385906552453,0.0958366250240217,0.0527314623869593,10
209,-0.0529765269799591,-0.194535949442788,-0.0801385100932598,-0.208699423681945,0.0647901321678317,0.0520382864198368,0.087012735093003,0.0466106451881955,12
210,-0.0316108377378562,-0.0504365328249292,-0.0859488196750023,-0.0894175167714066,0.0679263752175057,0.0533430133512097,0.0879962472642245,0.0473697815699047,13
211,-0.019270335824791,0.0313614497914658,-0.125997525058559,-0.0015368471081941,0.0663885839658975,0.057337746991535,0.087377960005448,0.0488910235057842,17
212,0.0386210683174343,0.0906900956756568,0.0804876345129967,0.120459549647512,0.073614707143894,0.0624351396415325,0.0868678435867542,0.0547607644028695,12
213,0.00755411139038321,0.107094069098776,-0.110840283852009,0.0637380779844695,0.0686512752731402,0.0635395701493582,0.0847603443900925,0.0542847473731528,14
214,0.142845739308674,0.101213230971876,-0.038336055151713,0.0361976518908283,0.0677406397544608,0.060990098476704,0.0800548989163697,0.0521311736248334,13
215,0.109404166599361,0.139130392138915,0.0663897886294963,0.120762609595258,0.0702276476817764,0.0640938655908979,0.0868651445778605,0.0544735080530147,9
216,-0.0766155199836767,-0.00704346397919538,-0.0747478332339441,0.00594994352734961,0.0648667579495918,0.0562297559672609,0.0813831551961425,0.0473398339304188,15
217,0.0753838927785314,0.122236685382186,0.00306956497925283,0.100654169878339,0.0748168717920022,0.0602927544238313,0.080374281502,0.0520213806236444,11
218,0.0577939263930172,0.083924395014881,0.0697876895835415,0.0857107851097788,0.0632815702173292,0.0575290815200501,0.0815531629575615,0.0485327462862939,13
219,0.0373668904065642,0.18801976434856,0.0405879858328459,0.159661551175209,0.0741919894232923,0.0632815725437809,0.0862399409261915,0.0540245050633401,12
220,0.0763052654675456,-0.0161995275423931,-0.0312842687199881,-0.0388494270374098,0.0677292919887541,0.0558612477378705,0.078609317056353,0.048226908477965,14
221,0.0357698778848899,-0.0542665049799868,-0.149999859671463,-0.076360352946512,0.0627516692004037,0.0520802460496066,0.0800911713082571,0.0451844700073609,15
222,-0.0166849364086206,-0.0983139680770864,-0.100174107749124,-0.154082980015207,0.0631837329996341,0.0500932087420147,0.0770251231090475,0.0438297554590187,15
223,0.0755712702792708,0.0612603561301581,-0.0416571401414173,0.0405094730669401,0.0718234994663113,0.0614726545207731,0.0816730277107549,0.0528154637373714,10
224,-0.0840055965033923,-0.0978951084124326,-0.115686550466133,-0.119995545195865,0.0656385984162174,0.051385562301895,0.077505770636921,0.0444904449190906,12
225,0.058616746914155,0.130131828056658,0.102000486172743,0.113992067623471,0.0653778067042953,0.0600265034350381,0.0880317102482024,0.0518396638185013,13
226,-0.099989131385348,0.0590724736810903,-0.158916682014253,0.0323739827209365,0.0645685873704589,0.056115909840579,0.0830202830825508,0.0475282383169931,12
227,0.0781785138764393,0.109390167701094,-0.079068329429165,0.0439237623093711,0.066638811185519,0.0595752321745585,0.0852054642606114,0.0514887412594651,12
228,-0.123750309107403,-0.0975608466482583,-0.063361707807154,-0.100773094045476,0.071566986412745,0.0544306827666934,0.0930726492365619,0.0486046315965298,12
229,0.00805483612152479,-0.0321004931442015,-0.0657016948063231,-0.044986940633195,0.0645383027590694,0.0545704624356315,0.0788520631277552,0.0464525306873261,8
230,-0.0824742367180864,-0.133563999721748,-0.199962507368775,-0.183147876099054,0.0655423955492395,0.0515476686985327,0.0844262695688722,0.0456668841804834,14
231,-0.105374220149747,-0.0684580394048366,-0.193871011877433,-0.054345047072795,0.0632701600771068,0.0540545747868163,0.0750265232457898,0.0457036491673837,16
232,-0.189874024548572,-0.231819037454436,-0.241534355703343,-0.232642173297279,0.067225105760859,0.0533456963087211,0.0858223742959557,0.0470619119466798,14
233,-0.104105100712261,-0.162870552765212,-0.124095356993717,-0.168695370578111,0.0625754033061624,0.0512360955087294,0.0800005566389385,0.0444861099392994,11
234,-0.107834037427296,-0.221153157329672,0.00384879547584201,-0.17321936567789,0.0639281797622514,0.0522519205635752,0.0852123528948464,0.0460219577038897,15
235,-0.0410597362012796,-0.0280064751276388,-0.0627696991792744,0.00537332144956075,0.0692622625229688,0.0605909517751198,0.0809151677883219,0.0519339269763783,14
236,-0.0695771062341448,-0.234965352851365,-0.225042598584961,-0.258702611763901,0.0618787354907807,0.0512160727451503,0.0785646181608431,0.0446682336004251,16
237,-0.239528952375376,-0.201332472180132,-0.0240460444903264,-0.145813584832688,0.0664375711116605,0.0539372216018572,0.0980365758675811,0.0475794576894911,9
238,-0.0644025218199372,0.0218955996927506,-0.0663932949123377,0.00523338555949457,0.0697097231791347,0.0550825194373211,0.0859970581577697,0.0475971646448535,12
239,-0.0784830820330928,-0.151275784908332,-0.0913779662741587,-0.151989456125679,0.0646392500095513,0.0520022306178375,0.0821133594797391,0.0451382543519419,12
240,-0.0319230259694617,0.141591471350867,0.0155045290422011,0.128997474908498,0.0696854595592905,0.0572297746292412,0.0898978458992349,0.0488673373617434,13
241,0.0929281931066695,0.0451963186279602,-0.0119456974802238,0.022672074639941,0.0728072715710333,0.0638699564599225,0.085741334295614,0.0547991223721527,12
242,0.0322359773692523,0.00305820195487161,0.0434105910573783,0.0463324087494634,0.0715272580013851,0.0659494784443246,0.0954562705864207,0.057764283212972,9
243,-0.0521544879859567,-0.0771999058535032,0.0589544079524416,-0.0861719548484027,0.0626510291655979,0.0515088554072603,0.0831697164079147,0.0452603868287448,17
244,0.150494222006942,0.147889072960043,-0.092297015674126,0.0540095135139023,0.0655309353874763,0.055190494460723,0.077506348711708,0.0478485705960806,14
245,-0.0456276343721251,-0.224823627227843,-0.135041985303899,-0.236111796962506,0.0613479935315825,0.0514636142897493,0.0787848468464553,0.0446395893362429,13
246,-0.14204429784924,-0.216773909506813,-0.0260130793392248,-0.182485221274032,0.0630335970152088,0.0528951222612181,0.0886364970203512,0.0462645491516799,12
247,0.0888527695364417,0.114340822203653,-0.0649184189198015,0.049764660884759,0.0690765122741069,0.0625421408013901,0.0828726798967202,0.0533908650892665,10
248,0.0382922335081143,0.0161148885453657,-0.126678468325176,-0.0204551866063836,0.0658038497162288,0.0604446151720757,0.0852905973523633,0.0506637721832838,10
249,0.0282346944773613,0.0851742113039379,-0.127425849346008,0.0410366078209132,0.0739237831592643,0.0622191438043457,0.0864164126984912,0.0534684291209506,10
250,0.0546187735211292,0.122337557215989,0.0162534500869293,0.0774777404135515,0.063363051266232,0.0579081458566463,0.0881195300554846,0.0496087629753311,12
251,0.0132417522001498,-0.0940982295420028,-0.118105893198085,-0.156750718175496,0.0644034908459955,0.0518762063987793,0.0826915988607045,0.0456468518524503,11
252,-0.0818817849402943,0.0384079757456961,-0.0903331755734153,0.0361785926097382,0.066347532957933,0.0562858074196965,0.0804357641416169,0.047470990807149,11
253,0.0211111562021055,-0.00913828244404064,-0.123807275989344,-0.0394765701447705,0.0640955907279047,0.0583034028996988,0.0839772625850751,0.0491665572414801,11
254,-0.110220567567043,-0.163641328934572,-0.116970174012087,-0.158489368276945,0.0619992273395509,0.0505656905349617,0.0770130530252211,0.0437836029044515,13
255,-0.0115191401030905,-0.189548312702965,-0.141443582817293,-0.218708175960131,0.0637737300382622,0.0523139636923036,0.0789032839863177,0.045376528615078,14
256,0.0785879879479347,0.0276372578501993,-0.11072859381336,-0.012748245867902,0.064412095488994,0.0561788219739008,0.0836195341303314,0.0480538410284921,12
257,-0.123527270691487,0.199292194329283,-0.0179654522042139,0.182618639257726,0.0765510698049179,0.059446752244501,0.0879275663255691,0.0519651020574796,11
258,0.00263373357263487,0.141449905939286,-0.0972277184043708,0.0915334529190991,0.0669593953086723,0.0591518023865324,0.0940261019483586,0.0509116839703527,10
259,-0.0793850903950676,-0.229418831526609,-0.230283397248078,-0.240562862739178,0.0645945384567422,0.0521020811636533,0.0843837120135675,0.0456596297744529,13
260,-0.0622066434524538,-0.0715137295078175,-0.282237929813081,-0.099404033364566,0.0627060604424091,0.0512343689372646,0.0747356994217299,0.0437232188739652,15
261,-0.0609715549454341,-0.180773425097116,0.0179284193594481,-0.161936460865071,0.0640374251538743,0.0552811331572838,0.087811495391141,0.0482826478021216,12
262,-0.0192378044084026,-0.00760769552104521,0.0767790144188581,0.0309916737767078,0.067587645073573,0.060726358328673,0.0914026139282814,0.0512315991060225,11
263,-0.0254818362566224,-0.218099043873575,-0.0960014346799332,-0.203481480583093,0.0620821924494299,0.0517049146751064,0.0814968119012047,0.0454665694391595,15
264,0.0713933759411566,-0.0696094555137283,-0.127476052915049,-0.107318340826862,0.0645662773039377,0.0539036511946663,0.0759876616593197,0.0464956168711198,14
265,-0.161071990935198,-0.146723209235999,-0.0708669229230457,-0.140878624432605,0.0733750024110982,0.0547704673964475,0.0861316807383009,0.0481409708129236,12
266,0.0805987320349843,0.121645876603373,0.129822202417481,0.115007722814535,0.0637278995873515,0.0551508559010635,0.078566261059071,0.0467825859600812,15
267,0.0612496592499136,-0.0373550884994814,-0.126664470712568,-0.0655144400438241,0.062329464671715,0.0576421117053235,0.0854430595211338,0.0489810057060315,14
268,0.108841304502495,-0.0738319513019121,-0.201067409267018,-0.116559874270315,0.0661472523487627,0.0552545357744835,0.0772132910156412,0.0478952449730486,15
269,-0.0453621601435475,-0.157061403781131,-0.199558780129468,-0.189926939705743,0.0608932287301883,0.0502414761767686,0.0772797031069769,0.0436030044175353,14
270,0.000806573203380324,0.0737869867984822,-0.0241791761622464,0.0660121345874808,0.0660167107399803,0.0561383441035298,0.0825022877467265,0.048097975382893,17
271,-0.0685279017436861,0.0434213906321332,-0.0498459650075986,0.0462988232475692,0.0664713653208103,0.0587943794645166,0.0808567031275174,0.0490673273744655,11
272,-0.0322443935159943,0.0461046587553485,-0.0852383170545609,0.021200460862183,0.0687396222244311,0.0578143465022105,0.0770576506519824,0.0478340452519319,14
273,0.189177174379783,0.106889926152561,-0.0759984088678598,0.0264950532395585,0.0678096850726854,0.0596507668809369,0.085898724662349,0.0520718120801099,12
274,-0.0182013470607312,-0.159481620814539,-0.0116581209746438,-0.141547744557437,0.0644180214714924,0.0522289129926272,0.0784826169897332,0.0455005548195262,12
275,-0.0738642001346256,0.044387391041382,0.00995635334437226,0.053666278575678,0.0693723146964999,0.0581492463921079,0.0861523592340626,0.0493299701945664,12
276,-0.011978047287324,-0.127724980517784,-0.0631360830084149,-0.147950314804257,0.0641370485646257,0.053034025431043,0.079678592417027,0.0460828922223456,14
277,-0.0155465140809077,-0.15420785124327,-0.19421981659292,-0.20320340106534,0.0617841222970813,0.0507596702070212,0.0793939424957196,0.0446132464133839,16
278,0.089665048132062,0.105393052162385,0.259453941812666,0.129254838511308,0.0709415168034613,0.0663819668722336,0.093281236567205,0.0571759382242873,10
279,0.103022604141538,-0.0460223239675075,-0.173139005978819,-0.0913271946752833,0.0660454965452572,0.053239126380974,0.0772132940400327,0.0466625239927204,15
280,-0.209580535091441,-0.20104651478809,-0.101276783419694,-0.178307833666349,0.0646508014044868,0.0534489323674534,0.0926627035851564,0.047173575164412,12
281,-0.0123641108130699,0.0655554672203406,0.00895356851819248,0.0824497142007429,0.0744240479866666,0.0602741270764858,0.0899006042766799,0.053039668508185,13
282,-0.0785693691565333,-0.224911715990189,-0.271943517399049,-0.269140942840987,0.0643520818495026,0.0502848581940303,0.0763822647231153,0.0437518856969842,16
283,-0.0971803974989214,-0.0706936251411089,-0.181955225611351,-0.0696566776973894,0.0650474365485465,0.0536136191385024,0.0852870964904674,0.0464140051450864,12
284,0.0101711819976757,0.0345049220998151,0.0224181746238893,0.0167974718601248,0.0642405657200714,0.0563607752207009,0.0835815506889089,0.0479833057179053,13
285,0.037740737601082,0.0308438093937929,-0.0977167654844334,-0.00180657117850467,0.0620487490071052,0.0559087532956993,0.0787406421099712,0.0470497651129805,14
286,0.0358521816884792,0.00684508181380217,-0.162867034482871,-0.037708477782705,0.0655276719326552,0.0578855189618187,0.0815525561003172,0.0487918426587052,11
287,0.102869595342837,0.0758183212195232,-0.148249353784956,-0.00138996996992656,0.0690073719256687,0.0604018860531915,0.0845394581553998,0.0525799084025567,11
288,0.0226908936244635,-0.109365512446426,0.00789770858461276,-0.137754264607272,0.0621380025882607,0.0523936159876352,0.0793432392472356,0.045659248834146,14
289,-0.0438637863063219,0.00959302122856452,-0.127898501242466,-0.00189631709137966,0.0656226301398904,0.0562707034107093,0.0798298299450606,0.0474320090181617,17
290,-0.114813498648772,0.0171415143480818,-0.102648394166673,0.0201174944019923,0.0687472793400885,0.0533680587784343,0.0879929043278254,0.046708856559241,14
291,0.0136928538949195,-0.229842349606798,-0.168599064939486,-0.264050759672757,0.0657398620636483,0.0516522136392955,0.0784092031774488,0.0450967046732473,12
292,-0.158168321332245,-0.170223192520158,-0.106279446350741,-0.164265557547463,0.0639381522704063,0.0526208571976107,0.0822773011730431,0.0453624293218372,13
293,-0.144183951395092,-0.251338505664823,-0.326804894192357,-0.299299261774657,0.0639246370165094,0.0505430906462312,0.0782769045476252,0.044005423613413,14
294,-0.0201083114003003,-0.161216037829592,-0.0860403959465226,-0.176460505335037,0.0677331758185966,0.0532348589575079,0.0830681458554526,0.0466114453260447,15
295,-0.0406524870871064,0.048119254873195,0.160275334148536,0.12169005477646,0.0648366862486166,0.0598987669566091,0.0842209787958954,0.0503641321545185,13
296,0.0336273480900692,0.158563832251119,0.03103009203527,0.132814080568444,0.0788341003435264,0.0594735254461984,0.0818624459977945,0.0517459122962633,14
297,0.161927871638142,0.04578864707938,-0.0160037576166516,0.0141071139810682,0.0651499418003153,0.0596499446915366,0.0801375437607463,0.0507777979222676,16
298,-0.0343790752359448,0.0588749580916022,-0.0680596094366349,0.0574642300617616,0.0644974436958558,0.0551862101271871,0.0799624872679186,0.0468231099843152,13
299,-0.0301515086176055,-0.0254865959456823,-0.284315479390072,-0.0704026330691151,0.0629131648310882,0.0532998051458575,0.077406015263876,0.045426581977242,14
300,0.0327150693718842,0.192725146878794,0.0583887322823235,0.171093656506187,0.070789230515688,0.0609185910713339,0.0829460891963641,0.0527292591651159,11
301,-0.0364019824723904,0.118096951002933,-0.0330894314506793,0.104326267053176,0.065813311231292,0.0554485457094344,0.0846892894663992,0.0473923241937435,12
302,0.00478763846510086,0.0707917965243822,-0.0929958211444232,0.0332018493705053,0.0642032312015528,0.0536329709427483,0.0777988287562298,0.0456935074999428,12
303,-0.0875932135898439,0.0789340417638217,0.0756949936566784,0.123844898563532,0.0799890829954988,0.0605648074789834,0.0814275886556498,0.052157416601356,11
304,-0.139495807511615,-0.201219408736208,-0.112053697514242,-0.202653762475623,0.0677186649455652,0.0516191025357516,0.0793176423016527,0.0453189455874523,13
305,-0.248753933118787,-0.215629280994485,-0.262936084990127,-0.22139519717097,0.0639320497377183,0.0507028693327658,0.0824165994380308,0.0447338966891559,15
306,-0.0980709264367738,-0.125708803040165,-0.221439849309063,-0.161578596386902,0.0642600901233264,0.0515351021013753,0.083971759034993,0.0453016796979566,14
307,-0.166092351501374,-0.193192106976548,-0.0244106779980037,-0.142902107358646,0.0628196805060554,0.0513445080862321,0.0770313428453923,0.0442887245700254,12
308,0.108350499601845,0.0886988587410036,-0.0645022685823859,0.0190014774188544,0.0676078204720486,0.0611476751711553,0.0828232893575516,0.0524831790912962,12
309,-0.131771250807751,-0.169695544314812,-0.0327918324482341,-0.132462113316853,0.0604124088109216,0.050555659026082,0.0794779115107795,0.0441492189144114,14
310,-0.108604962641758,-0.193341509154072,0.0300553004694312,-0.169101029316118,0.0646416071544607,0.0513449169183817,0.0803871439383953,0.045041778722881,14
311,-0.0960281116406316,-0.129448351313155,-0.170321697316871,-0.165470438711248,0.0725095966535877,0.0531366191962311,0.0826092749110825,0.0464741069883419,13
312,-0.00447149023320524,-0.0522642888498672,-0.103936328064296,-0.0627279312138742,0.0693374002722666,0.0576939621994212,0.0804268999562122,0.0499134851404167,10
313,-0.149063892360385,-0.135436682581142,-0.0804174160654903,-0.139046471883713,0.070566686214346,0.0537060221869488,0.0861993120228141,0.0473067601851254,12
314,-0.139712931665255,-0.137858089169176,0.01552666958244,-0.117584761414576,0.0625007587932595,0.0504816940288768,0.0778883793859483,0.0441933125468065,16
315,0.0474467406990153,-0.0900513374567278,0.138590988534191,-0.0844138779671772,0.0641126243287834,0.0519492531568674,0.0799750107174447,0.0455254266416291,16
316,-0.0148530912377222,-0.00452856251214192,-0.0564664903043241,-0.028944564693011,0.0855134955853354,0.0584167121447102,0.0833579313537543,0.0511900079088728,11
317,0.0482321362267608,-0.0971198488652939,0.0152800909454194,-0.135527250196581,0.0657763570784347,0.052151453628892,0.0803836039239862,0.0456209999692939,12
318,0.113435165568687,0.170909998336387,0.125660680699779,0.16553126010287,0.0735189286884909,0.0633596767992902,0.0931962904040707,0.0552303321845445,12
319,-0.141915694850315,-0.087261901472349,-0.213900813512942,-0.0714218599353073,0.0651782105035437,0.0554936930677378,0.0871152226912158,0.0479834741193007,13
320,-0.0182513700850117,0.0889570841124166,0.0918398398491652,0.0929709176027236,0.0695131548315773,0.0592559500891803,0.0917748250034743,0.05035070929485,9
321,-0.166441883956848,-0.169590117306913,0.0035373388678769,-0.143550035755419,0.0630768511611947,0.0538055211844017,0.0871796361597288,0.0468317060390258,11
322,0.0194414749653118,0.0283091577883413,-0.00156337081120714,0.0294490808542553,0.0655620466102818,0.0600356859871203,0.0866961728521896,0.0504189184074683,13
323,0.00587765013902137,-0.0620255725362202,-0.127853207079811,-0.0806997771052153,0.0624687635794683,0.0533356909912502,0.0760379547877669,0.0454251855282768,14
324,-0.175445550656145,-0.188784458932757,-0.141827851997127,-0.183161864565608,0.0624337305811733,0.0508628944095394,0.0790088465351762,0.0440581978918979,12
325,-0.081327637938152,0.164195797839605,0.0637387821270052,0.147278964001255,0.0750987001752832,0.060029624641046,0.0790120689693298,0.0510196837489403,11
326,0.156235253779497,0.141256419857179,0.0652303260288708,0.0958791661826719,0.0637977499834219,0.0571599445703386,0.0826675737065325,0.0485070494533683,11
327,0.0185933216079812,0.035364021138817,-0.0831096056598002,0.0255383169321082,0.0687667186198802,0.0611568290629354,0.0829428063807186,0.052499537277719,10
328,0.0946045671360621,0.0804608300240119,0.177105846659058,0.1069745186939,0.0757727897038732,0.0632924286686343,0.0889469616603111,0.0550879356865099,11
329,-0.0357740611575021,0.0329951707247864,-0.0283264475017055,0.0389129297927757,0.0644123636025068,0.0530229709935062,0.075351398223198,0.0451335306909825,12
330,-0.00694956749708501,-0.00685929089897608,-0.202207780196565,-0.0415087380965534,0.0639861192033978,0.0556093848436253,0.0818609462147717,0.0473443628809141,16
331,0.00122577925628306,-0.138881295242304,-0.201192691042208,-0.175410618743089,0.0636737574924552,0.0507446502756977,0.076992936134132,0.0441221349361542,14
332,0.0438611528769657,-0.0368540179390357,-0.170804281175312,-0.0849502641503663,0.0653054672420836,0.0527578661072842,0.0748647242942388,0.0455618956884584,15
333,-0.0146741429451712,-0.194216173845326,-0.111969986543121,-0.21856112491936,0.0623431450202012,0.0504026063609316,0.0767958852645204,0.0441339138522656,18
334,0.057873995109564,0.130971047971456,0.111786557999641,0.133845326743936,0.0859091790569672,0.0699156493125592,0.0987429451610644,0.0599027616420652,8
335,-0.178893795829514,-0.158804626748618,-0.0585277469938873,-0.146796014677391,0.0643262814142217,0.052578110969318,0.0859643515721979,0.0460672487953298,14
336,-0.142063140228971,-0.209403586004225,-0.123767859186104,-0.213069948227518,0.0783865334576547,0.0523813027988022,0.0822609798289726,0.0464867049647921,10
337,-0.0465055767380087,0.00883874047682396,-0.0408507307159924,0.0298791546456374,0.0673238362921429,0.0592208208899547,0.0905684488120772,0.0500256133199387,14
338,0.0918467922263071,0.190999620199378,0.253108815611393,0.203174103293209,0.0711420428819563,0.0677076292134771,0.0910427890680581,0.0574187786971703,13
339,-0.0486483016143137,-0.0989282816905267,-0.161475564358846,-0.150091368838391,0.0623766207621266,0.0507412731958087,0.0762943280415254,0.0437725160978715,13
340,-0.177796487801139,-0.207398667664062,-0.275309446355901,-0.215713763315482,0.0627730139774201,0.0510276510760882,0.0775769424827219,0.0440688337445668,13
341,-0.0389548299993726,-0.147932466347025,-0.12730946525558,-0.176074373489318,0.0614877133702607,0.0514783020117361,0.0788383521830264,0.0449354811091968,18
342,-0.0649877321186536,-0.202491541601462,-0.16554002316228,-0.229272285851408,0.0616640906000461,0.0504182806781114,0.0766971869425719,0.0438586777395,14
343,-0.148868498974467,-0.231736294996376,-0.197560253078296,-0.230804588300914,0.0611868702462398,0.0500851913192151,0.075456452614415,0.0434947750180929,15
344,-0.0137759720470701,0.136309487836294,0.195322664481461,0.176567658302979,0.0689509631909225,0.0597990700385603,0.0926064206992608,0.0511347902111098,10
345,-0.00311508168004403,-0.132860891899407,-0.218864972604472,-0.204719031316885,0.0626619666218712,0.0530174045921153,0.0863023123372241,0.0464937285986357,13
346,0.0287639413923707,-0.24722446300667,-0.125046072142282,-0.264623866422355,0.0623806629916582,0.0518080933413507,0.0777663817461477,0.0451157483712816,14
347,-0.110139169624551,0.0876957547509367,0.0673311891983491,0.126860658172057,0.0714928117125261,0.0581758889446161,0.0850030920472754,0.0492779841725515,11
348,-0.0116092840797935,0.00102825890355042,-0.0830493742734465,-0.0389171619445525,0.0611682123080046,0.0513633251881805,0.0769496072671542,0.044344125163467,14
349,0.0976723426492107,0.0770584322892606,-0.0423954391574291,0.0414257478417431,0.0642175415173314,0.0550889606460209,0.0769454834325802,0.0466312148546886,15
350,-0.00362419393981635,-0.152263214919444,-0.19944336625938,-0.206744179086719,0.0655293812174437,0.0502599230019733,0.0762267808448413,0.0439180753073872,14
351,-0.0849410782454809,0.0725012794544207,-0.088462717261232,0.0700148483059078,0.0654963507604172,0.053390660269401,0.0781269609724645,0.0455468248745413,16
352,0.00417031849542716,0.0690340327366307,0.109808662884255,0.102627099611606,0.0667658708464481,0.0630045969224089,0.0941528254909143,0.0530609807881952,11
353,-0.138330736562095,-0.202777871333214,-0.267027348991728,-0.235028881156595,0.068211680927664,0.050384744826639,0.0776330401178263,0.0441487181574292,15
354,-0.136790596307526,-0.0296926090495487,-0.183287260775125,-0.0326765945062024,0.0686427724545366,0.0552081434356522,0.0895282441173291,0.0477611727139511,11
355,0.083084046740097,0.131235326212318,0.204215447878178,0.145874904790975,0.0708679760714445,0.0622520783972791,0.0911753477542794,0.0541738414491687,13
356,-0.0887772857411009,-0.0957508910619976,-0.135906686891856,-0.135304116950674,0.0676479442753203,0.0523335711889416,0.0786205029391636,0.0455569676965448,11
357,0.0368010977489082,-0.173746568719234,-0.15316865039042,-0.21723957423499,0.0634973183176155,0.0535730082477255,0.0803766073274564,0.046415795434172,13
358,0.0699613065239683,-0.0638222368782511,-0.162030156960538,-0.0922498727681145,0.0638908468247486,0.0560406090959675,0.0799003072090475,0.0485266911470662,12
359,0.00122976401582234,0.0693663561778085,-0.0140843625254855,0.0589978527656615,0.0649962982628761,0.0540274003723499,0.0769082495435609,0.0458105725507152,14
360,-0.114879654609475,-0.169199566120675,-0.0959014692050505,-0.155061428001845,0.0667005235901303,0.0518799987030074,0.0783799804664285,0.0452404508693649,16
361,0.154629973458285,0.1253598446378,0.056945401277972,0.0775835896243938,0.0699478982371979,0.0599715344565311,0.0845338224571761,0.0519602041029178,12
362,0.0861242795171442,-0.047051041257751,-0.128479220874268,-0.0608762329212583,0.0634239426802309,0.0588891288544631,0.0798091398560195,0.0504561954381448,14
363,0.0515357207892144,-0.0347476652937706,-0.0765251103627684,-0.0571787810922262,0.0704135487260871,0.0580908235236138,0.0799842620330681,0.0502043222545313,15
364,0.0795595662909411,0.0838009314963571,0.0320739731881988,0.0862496580659913,0.0762213140413114,0.0613365157448553,0.0871598185743296,0.053166227761177,11
365,-0.0410360497211632,-0.226665396736535,-0.162368876150848,-0.251239495136587,0.0659778893587005,0.05455576889065,0.0860927095241895,0.047783294863345,11
366,-0.0448680891011091,-0.0868720921406193,-0.0945917458326987,-0.119810029585486,0.06539677564044,0.0527086156385717,0.0803677830960346,0.0457350428974689,13
367,-0.00262528156301356,-0.00875417275273938,-0.0945273195057597,-0.00685935772320703,0.0653509776989815,0.0595697982149785,0.087233135359606,0.0504081044945484,9
368,0.0689725026563507,0.13360595214546,0.0896611843081376,0.114020143126193,0.0690922904226854,0.0599010994003508,0.0886828016997948,0.0523565775614591,15
369,0.155503906802218,0.105128927652809,-0.0559995077840445,0.0240067554625306,0.0654469868926385,0.0624066759495896,0.0874225632687867,0.053726059612858,10
370,-0.0469320692484532,-0.193552186031659,-0.119263164564806,-0.21919789955194,0.0665721224658516,0.0530581360527356,0.0876493962757249,0.0467392358374783,13
371,0.124419820163186,0.117313315000433,-0.0289935495927611,0.0594650532099129,0.0689883921288436,0.0576185787440021,0.0817988436182671,0.0502365449702803,12
372,-0.147686451306141,-0.143430953925707,-0.139957136882375,-0.168182734300703,0.0609519852003103,0.0507595428140962,0.0791200252654446,0.0444159436077377,16
373,0.146014404332813,2.88361626884434e-05,-0.192507032543634,-0.0882929589329787,0.0673426869990114,0.0547780694962831,0.0802244816884776,0.0476679248892338,12
374,0.0270511971281536,0.00928587683812569,0.0426618658800196,0.0167279390862884,0.0670500729445232,0.0586152593706897,0.0856567474599074,0.0495079532183874,11
375,0.150005063718365,0.093181205038778,0.071388262983862,0.0711281020255477,0.0663596537619571,0.0619803182028621,0.0863562710020417,0.0535812593619822,13
376,-0.0793996824755502,-0.195044867430966,-0.271168448475262,-0.25131165285209,0.0622199485257105,0.0502361106867462,0.0780964386017549,0.043899717405767,15
377,-0.0579571822718808,-0.243403772022603,-0.153598181231621,-0.267249540032484,0.0633065637124405,0.051410314133027,0.0810902890574673,0.0449557204592119,11
378,-0.0919612116279286,-0.175169389768481,-0.106303579504897,-0.175329282697265,0.060979867253166,0.0506616303704061,0.0769224984515597,0.0438702552549062,15
379,0.0459772609390294,-0.159162997927879,-0.244328456200391,-0.232987035785829,0.0609834542299159,0.0511146309817295,0.0741299994710168,0.0439195142700534,17
380,-0.0770347119898751,-0.227584487590963,-0.250584136803647,-0.266787527972789,0.0616063370714428,0.0505716711861333,0.0776407687613152,0.0441330171042899,13
381,0.112524943513249,0.10652761861803,-0.0796368901256445,0.0316537038320935,0.0678565473894195,0.0609243136833265,0.0837097771803553,0.0521835672998935,11
382,0.0572465992506822,0.0330248988689662,-0.14110758689508,-0.0183851117905371,0.0617086048120147,0.0547706217337009,0.0811210704867065,0.0464956361897668,12
383,-0.0677408434059199,-0.164002799146039,-0.141764879628494,-0.176015121656635,0.0654568078440122,0.0526142698316592,0.0792467041058445,0.0457300384420022,12
384,0.0246107181876434,0.0677352012667061,-0.167581727937833,-0.00939455991222425,0.0641226573400214,0.0512689269138627,0.0764533954641832,0.0442330411931329,13
385,-0.0400717828564565,-0.171680720144267,-0.094349795700355,-0.176245405820463,0.0620644113737705,0.0505914295678696,0.0771549976692376,0.043869548026425,15
386,0.0295109236114399,0.000511936665203654,-0.17469647687499,-0.0523706921737289,0.0626320844859009,0.0525637509462281,0.0822302901990066,0.0454487614747492,16
387,-0.10505985167579,-0.0476510495352193,-0.217754327937099,-0.0682204033042449,0.0706012684166038,0.0536809491068925,0.0790741306196606,0.0459561247557529,11
388,0.0632519995360242,-0.158177762708842,-0.106102574196541,-0.185900341223366,0.0603860602187677,0.051112352968846,0.0768463408937567,0.0444541991232129,13
389,-0.146922362631002,-0.166060009272821,-0.251541726979012,-0.195668789715954,0.0610008472023762,0.0508162418374145,0.0772007511965873,0.04389683339446,12
390,-0.0163156799000043,0.115780803843219,-0.0894374069376399,0.0725966073230525,0.0670777072171314,0.0535393371701133,0.0787874661696749,0.0457708896867504,14
391,0.0900626371289621,0.0830127204075041,-0.100342825716216,0.00560968120831977,0.0625482555631651,0.0545282968261922,0.0791885879795595,0.0465612017319005,10
392,-0.060935043234714,-0.11238278099328,-0.0270886306980085,-0.121896252838593,0.0627175830429734,0.0519043425012244,0.0821642679286263,0.0452191641538239,13
393,-0.0835297375010511,0.0763422512336146,0.0119756162015496,0.113245674682773,0.0729776697690451,0.0607864580464628,0.0938955165398868,0.0517239182730604,13
394,-0.0162671759049952,0.0141223626247572,-0.133276154951729,-0.0284053873071714,0.0722907598779424,0.0570947411878234,0.0827048971383697,0.0499322240127443,9
395,-0.119863112742894,-0.149895675054859,-0.204374851008754,-0.186288731107666,0.0687315398587954,0.0509728754644253,0.0779873474496941,0.0447313854569443,11
396,-0.0841864701392933,-0.249098365109093,-0.229003228830059,-0.270390124841044,0.0657234193580621,0.0533286165950373,0.0813791222046406,0.0462844422834182,9
397,-0.0483475666790688,0.0260864435289192,-0.161017912883384,-0.00355489652278503,0.0626382747033138,0.0552360155128696,0.0810990922431614,0.0466543973618538,12
398,0.005729085032208,0.155928993466584,-0.0166411438585553,0.139185783497327,0.0786970359919122,0.0678907548327015,0.0964186430574357,0.0584095254851649,10
399,-0.196339961426861,-0.135197922916876,-0.111508316432723,-0.13246692886605,0.0679109213945796,0.0536844273429197,0.084156964246025,0.0467324541066486,11
400,-0.196139977048798,-0.18047060696152,-0.165455982872531,-0.177400587033643,0.0638002762498112,0.0511291093781752,0.0805485575463935,0.0443690667780967,14
