perm,p2019,p2024,p2025,ppool,overlap,se_p2019,se_p2024,se_p2025,se_ppool
1,-0.0592086835741039,-0.00690472641119825,-0.203304764059531,-0.0203572443559671,0.199616122840691,0.063871382199143,0.0543514062383273,0.0821919088359919,0.0466574735200312
2,-0.112300687244147,-0.145832357388764,-0.0711142744663921,-0.133074984501779,0.205374280230326,0.0628993177714053,0.0519497639627986,0.0836903320224538,0.0452106433611463
3,0.0579010577404043,0.154856568484308,-0.0229603331961322,0.122888907498709,0.203454894433781,0.0690240070342585,0.0577410736572012,0.0836241915354139,0.0498785572016722
4,0.0495500007639503,0.0206079847881763,-0.0738674627215405,-0.0187822435390763,0.222648752399232,0.0643377582598428,0.0572600945751759,0.0785061927498702,0.0487973619696825
5,-0.0682262648690302,0.0683676117675798,0.0780596068492822,0.0968845540740105,0.207293666026871,0.0652245280412054,0.0543884492256195,0.0786051566444281,0.0462908913324443
6,-0.0163316222835416,-0.0988375805652961,-0.00294310661815589,-0.106491780914068,0.197696737044146,0.0646299852158466,0.051575832210623,0.0797745430426274,0.0450948323216144
7,0.0555625783771586,0.0470639408439377,-0.0565182095394502,0.00106449788039602,0.203454894433781,0.0676574756663952,0.0587478878213019,0.0796458865888577,0.0502407605819561
8,0.0491763377642602,0.119118674671283,-0.0397349703381903,0.0848746242788988,0.213051823416507,0.0682799689256654,0.0565748437867662,0.08094544740312,0.0488656513558565
9,-0.00273242179658328,0.049342667742555,0.0281675281382619,0.0584841583531044,0.211132437619962,0.0639296947353642,0.0555349386218604,0.0776429243769408,0.0467126274664818
10,-0.016041488210393,-0.092547261627036,-0.00661788747969613,-0.116706909798511,0.197696737044146,0.0660401824264498,0.0518065090928531,0.0833169399623427,0.0456409335659485
11,-0.0840623570572948,0.0385247390239314,-0.0273032817855387,0.0829043952186552,0.224568138195777,0.0640857403811569,0.0548887186038273,0.0817565155957809,0.0469802118759339
12,-0.0622742599168581,-0.1779966281254,0.00131589098535949,-0.143408974794293,0.182341650671785,0.0646176761774479,0.0538561931697433,0.0806884259502043,0.0465724450231655
13,0.126068240528162,0.0139871402847867,-0.0469585139585107,0.00302682485657524,0.190019193857965,0.067564046481232,0.0605607741185763,0.0843144989384633,0.0515213071236699
14,-0.0416692217902231,-0.0995208380205153,-0.0208811598818339,-0.104113626149205,0.168905950095969,0.0648373838281973,0.0525398150758259,0.0815567919023103,0.0457633465551564
15,-0.00513717825855458,0.0697982797823034,0.0254260899283493,0.0874094837709178,0.203454894433781,0.0625329747597117,0.0526591439452375,0.076504676265784,0.0451552760496782
16,0.11209686166911,0.0750743685768071,-0.121726851619499,0.0259071523996799,0.205374280230326,0.0706513492942112,0.0613619983112924,0.0825680950827604,0.0526033322875102
17,-0.0545494034188283,-0.185428387124839,-0.0574492780397232,-0.181563962630083,0.211132437619962,0.0629307938652657,0.0530399236230915,0.0866672754131057,0.0468161238260525
18,-0.0433877976034167,-0.0687467720562069,-0.0761093478860957,-0.0430631176214447,0.220729366602687,0.0659009371918756,0.057205382551004,0.0808394904616211,0.0488596549415113
19,-0.0724589876323829,-0.18089985003253,-0.126182484040121,-0.188184566488203,0.203454894433781,0.0620236471510423,0.0504852095754073,0.0761706498410286,0.0437840640547262
20,-0.0911559391508425,-0.183563577702939,-0.0997818852633133,-0.18866682173473,0.191938579654511,0.0646459236253417,0.0528002648946699,0.0858939498098717,0.0464224812854638
21,0.0230362687685522,0.0700617789484755,-0.0335779405724529,0.0616130137230122,0.18809980806142,0.0717173116427265,0.0615530146819397,0.0837441930868855,0.0520495477608802
22,0.216194977371873,0.17513967287158,0.127029617618853,0.111562284356029,0.203454894433781,0.0666814297048595,0.0602451320045129,0.0839635404692227,0.0523098433296664
23,-0.0623053268488161,-0.197254191211118,-0.147325445272655,-0.198385157279866,0.197696737044146,0.0639390957229123,0.0515942962036172,0.0831067223716713,0.0453853988396643
24,0.0829851097004565,0.0757728143215133,0.0607482723855576,0.0659997436206922,0.18426103646833,0.0660515454522184,0.0561819216721286,0.0793481778591809,0.0473279545074747
25,0.0141690784115866,0.0382986960623331,-0.158476293958891,-0.000550499912813413,0.18426103646833,0.0629554839020204,0.0555282361679731,0.0802634296453186,0.0470207437037799
26,-0.0269777462798149,-0.0973914287344426,0.00190527402850663,-0.124614372925122,0.211132437619962,0.0642822939869892,0.0521451013622382,0.0815249440409209,0.045924820508212
27,-0.0306172678152828,-0.0950173217560181,-0.19676358177772,-0.1143022349192,0.216890595009597,0.0635997559322278,0.0545227126582658,0.0780340593557924,0.0470434197237314
28,-0.00778475336950665,-0.128853505880085,0.0154991393504785,-0.102487987189682,0.26295585412668,0.0614899005687368,0.0503315702211097,0.0742518332565367,0.043524234115282
29,0.0562787802594121,-0.0798790651971654,-0.102584211598258,-0.094497530394936,0.205374280230326,0.0666279571278476,0.0542652701062614,0.0771022160456784,0.0466179877502218
30,-0.0838908749711849,-0.167447387861546,-0.157123836032939,-0.184454021925704,0.191938579654511,0.0628653774157538,0.0521028523200889,0.0812155663225172,0.0451997216055595
31,-0.0692608873082359,-0.136187078188381,-0.127473880155014,-0.151187625379056,0.17658349328215,0.0611854872269535,0.051251183983151,0.0767488335357766,0.0441016536493458
32,-0.165047111207138,-0.109057754243058,0.0747768689998431,-0.0665325981892486,0.213051823416507,0.0640456753666276,0.0517684278743414,0.0838520844341467,0.0454713807130607
33,0.126500969937371,0.0809978766731894,-0.0690067029743963,0.0260523712359267,0.213051823416507,0.0694528299399464,0.0604222580758789,0.0859463232350288,0.0513532925746907
34,0.068098389199585,0.140259997289743,-0.0284804975285393,0.0902237946489513,0.186180422264875,0.0658637456690382,0.057006274135635,0.0816273273052323,0.0492596458386778
35,0.00283167981765021,0.149793476658831,0.0470573438744647,0.143987724748039,0.186180422264875,0.0652946183596932,0.0564711477953282,0.0844516536704513,0.0481138508586087
36,0.0875799628724508,0.0985985383928441,0.13066290882464,0.0936835040110375,0.193857965451056,0.0679325282781385,0.0578204371104031,0.0786341936383969,0.0492162356754738
37,-0.00529905884518339,0.0785914313810366,-0.050305659655377,0.0458151708062638,0.18042226487524,0.0658804244992658,0.0553787660102911,0.0808872976047758,0.0473280862199908
38,0.0741086328066281,-0.189330611855566,-0.0637889694974075,-0.190636284651526,0.207293666026871,0.0621386555364228,0.0524931091025131,0.0779080253728394,0.0452388499395094
39,-0.0635097263032106,-0.141378197287569,-0.109970060973526,-0.165896870332614,0.199616122840691,0.0610321995522003,0.0506298127387684,0.0770531370967156,0.0439150357675775
40,0.0230317155894433,0.0836657557152919,0.0596606386377916,0.0853911039823307,0.211132437619962,0.0624033513200186,0.0530773714354291,0.0754050621015439,0.0451372772573984
41,-0.134681544979253,-0.212296605026088,-0.136745954102613,-0.201840452316057,0.249520153550864,0.0616891692563095,0.050385829478784,0.0762635725557976,0.0437539590708364
42,0.1418723628567,-0.0782020270753984,0.00737063108207153,-0.065653373645197,0.190019193857965,0.0655818195622204,0.0566110472028641,0.0795831890067782,0.0489676399586508
43,-0.0335580898950574,0.127167781946811,-0.0129292581174477,0.112622996344004,0.211132437619962,0.0643550876433965,0.053609350350997,0.0757706838246885,0.0455362246220141
44,0.0751411864209011,-0.138681807679112,-0.105304013819317,-0.190832215801533,0.191938579654511,0.0636807942227741,0.0528604215062707,0.0830275116471398,0.0460196740990043
45,-0.0131204699376774,0.0789304114436199,0.0877340351016871,0.0799372305729827,0.205374280230326,0.071385854193427,0.0590376846085698,0.0802836934575088,0.0506771380419319
46,0.0163999594092438,0.090553846324294,0.0293219198091285,0.0921505841412118,0.191938579654511,0.0663857538681308,0.0581023363438424,0.0825904052063003,0.0490106219315338
47,0.0919213618581272,0.0103217474376906,0.0944353935237206,0.0722078544855222,0.205374280230326,0.064627608345052,0.0567664286516715,0.0762943108933897,0.048221868092329
48,-0.133282049329674,-0.23547394488125,-0.102328065110566,-0.201647378584483,0.209213051823417,0.0618946147721056,0.0513954827228155,0.0778724754283117,0.0444569658466469
49,-0.0398105925920746,0.0510472800626697,-0.0935950091584994,0.0459147705535965,0.18426103646833,0.0681194630685333,0.0568840173348217,0.0855881550785701,0.0485102629587316
50,0.0535174001791261,0.0728044040920576,-0.0915548803432029,0.0354347994467213,0.214971209213052,0.0709147173767909,0.0564147241978247,0.0823661026098495,0.0486120753519402
51,-0.0383300686731683,-0.166406850185707,-0.136315713769567,-0.163649599398136,0.191938579654511,0.0669952402951221,0.0523288032493182,0.082417944561451,0.0456576179224454
52,0.0259181867412373,-0.101656417108477,0.0110985259905462,-0.122861588445977,0.216890595009597,0.0628111952413537,0.0508909919606275,0.0759941528299628,0.0440209399194441
53,-0.039009567202736,0.00229371574515087,0.0300796706250721,0.0337052752162012,0.201535508637236,0.0646055567957893,0.0553797335181799,0.0806907912212456,0.0472855484654747
54,-0.0516015507014299,-0.132558999275753,-0.139267913563434,-0.155345979573304,0.195777351247601,0.0624366706558347,0.0518384803986355,0.0823522403654317,0.0452480474177983
55,-0.0213466488562311,0.00656573378499817,-0.153348220250362,-0.0295467961728955,0.182341650671785,0.0656493278824122,0.0538476234287731,0.0755888285652161,0.0463172801474904
56,-0.00492556350417056,-0.0756010120320131,-0.0547378506762683,-0.0969213342424173,0.201535508637236,0.0653240264808151,0.052771963827866,0.0826445238182469,0.0460411330775486
57,0.147772572950417,0.183453580930737,0.176056630169594,0.176703066126065,0.191938579654511,0.0698588552655908,0.0595971514552159,0.0838203032734155,0.0512361409901416
58,-0.10606456340891,-0.126445145727017,-0.0495863797909225,-0.117831331738472,0.226487523992323,0.0609786113101706,0.0501260650967164,0.075694832998676,0.0433902976508579
59,0.148541519834845,0.0579510903817673,0.0262228191365233,0.0575376648027904,0.190019193857965,0.0651951735700494,0.0579795402734913,0.0804578515735468,0.0497701516579173
60,0.0626078308001944,0.105418248038968,-0.0113043679293186,0.0981458687472789,0.191938579654511,0.065752184004498,0.0551594852864554,0.0815702405472205,0.0470079621880938
61,0.0579508421218082,0.115775726923742,0.0163008155177363,0.0975929576572917,0.207293666026871,0.0743190420930924,0.0580290390190582,0.0824714482209254,0.050296082779026
62,-0.00390602429160815,0.0486643970027068,0.0296299688353491,0.0601964847451309,0.222648752399232,0.0646105847802052,0.0567492838922716,0.0824904762946472,0.0480688654380962
63,0.0716820895712293,0.0266691220701218,0.119968692695296,0.0502029173309608,0.207293666026871,0.0671573679821602,0.0599258706431722,0.0833675403199265,0.0513440057942272
64,0.045094905688274,0.0906958554053134,0.107462487326222,0.0758050428900688,0.211132437619962,0.0648892822746599,0.0543194103122299,0.0763927452612463,0.0458976794837054
65,-0.174427801352685,-0.202006163733212,-0.202022404846979,-0.195061420171035,0.190019193857965,0.064361330615374,0.0511577525085126,0.0806215242371213,0.0446824562446063
66,-0.0170338935721489,0.0919629854741983,-0.0764286506214188,0.0425403565858134,0.211132437619962,0.0709131632270396,0.0582786942687594,0.0814258087640436,0.0503881131662198
67,0.0543562230229816,0.0269128958294676,0.0664561108374226,0.0373630092881097,0.170825335892514,0.0714315361038185,0.0570092035010735,0.0810140362432777,0.0494290921871252
68,0.0798194675969575,0.00732280947198174,-0.13168122384477,-0.0372144004947213,0.201535508637236,0.0655973311876227,0.0578462540940355,0.0831185300118927,0.0497956685554998
69,0.0489914601602482,0.123095434082506,0.153776467637876,0.134052431791029,0.209213051823417,0.0633086984039039,0.057330586751858,0.0857167939887927,0.0489882595856407
70,-0.120333628496561,-0.166423353774735,-0.125117726331564,-0.153373702173194,0.199616122840691,0.0611095306431066,0.0510243497866267,0.0762589397756382,0.0439826583987865
71,0.139066089977578,0.0268188740558552,-0.0993648682201089,-0.0468251145403356,0.209213051823417,0.0669796850748007,0.0540998542684712,0.0783270848882828,0.0468095102065982
72,-0.0648894120736869,-0.0139395315332311,0.0223790788897179,0.00646799205722968,0.201535508637236,0.0736522572756171,0.0588822651670795,0.0821613239270816,0.0509462766164624
73,0.144733486401507,-0.0110343436720654,-0.125681028548627,-0.0766383927568842,0.207293666026871,0.0639308530663433,0.0554967399991862,0.0829415102965121,0.048464615685021
74,-0.0831682369177212,-0.173626892913333,-0.0984925588116642,-0.167986781812858,0.191938579654511,0.062539384308721,0.0512586074403764,0.0780987302229667,0.0443274031624876
75,-0.00567251550341956,-0.0178837110144432,0.0720770475052891,0.0268260902500639,0.197696737044146,0.0654110142656881,0.0570473744163519,0.085495987656821,0.0485470908360734
76,0.00143887975533363,-0.11435410973407,0.120223652945644,-0.114870184132027,0.216890595009597,0.0657559251264763,0.0514608063599557,0.0788692256650742,0.0450802467720017
77,0.103233175312096,-0.198202075576135,-0.064111705903927,-0.240590364766546,0.228406909788868,0.0610349039135451,0.051216945194657,0.076948597307877,0.0445367969753021
78,-0.0592301952920916,0.108953192671465,-0.020338346392487,0.113275665522222,0.211132437619962,0.0733120861613565,0.060867613489231,0.0830096757021882,0.051997189240107
79,0.152128804518726,-0.0718343095513655,0.0471350552778094,-0.1077439236878,0.18809980806142,0.0649956296726706,0.0543714004666768,0.0824570594443133,0.0470580741232569
80,-0.0930481213953815,-0.135121311775893,-0.202728443619592,-0.159918530624643,0.186180422264875,0.0639326803026284,0.0522106256939476,0.0880234123531595,0.045764658630641
81,0.0835321341741547,0.118396156953374,0.0664052066635301,0.0876073079649561,0.213051823416507,0.0653895465774734,0.0578268482980497,0.079329514042444,0.0494828248553626
82,-0.112624667255103,0.0393114593629057,-0.050350300390127,0.0687313004815201,0.190019193857965,0.0632980651835172,0.0521735397370392,0.0770127987797316,0.0447700714637943
83,-0.15743869557527,-0.206260741834269,-0.0437957387252739,-0.155773591174914,0.211132437619962,0.0629524233933929,0.0511143330530344,0.0757517633971292,0.044108554446828
84,0.179760357724078,0.0564717084326315,-0.104302722416636,-0.0321408263563943,0.222648752399232,0.0675319632256559,0.0564767010733584,0.0810042128156919,0.0488705317952002
85,-0.109046875670812,-0.0209350066610718,-0.147591305428429,-0.0197554301121019,0.190019193857965,0.0626036438813277,0.0521802514485104,0.0741489985808176,0.0443303526382707
86,-0.146005572310694,-0.217259196333077,-0.178020174950459,-0.201074724622181,0.218809980806142,0.0608476019275298,0.0497887034296113,0.0736840430161845,0.0430358613588832
87,0.0988596635533087,0.170884240414495,0.195898454546461,0.146974966060215,0.203454894433781,0.0698121938392323,0.0604352538648002,0.0816980904585507,0.0512295743701283
88,0.00720009831208915,-0.286423754356081,-0.0355479470089894,-0.272763962525041,0.213051823416507,0.0646076861078792,0.0531629213421602,0.0810507111777112,0.046421979894112
89,-0.213091486436643,-0.295500981197821,-0.168905810468718,-0.248233191231541,0.216890595009597,0.0612118187278222,0.0503746431446677,0.0773890106982636,0.0438909045866165
90,-0.0651195602034674,-0.179552945043605,-0.225266142432072,-0.216278741957801,0.224568138195777,0.0629440821539407,0.0506670919792621,0.0773671305034177,0.0440605720869991
91,0.0139498618163386,0.0691525485846822,-0.0697538953514784,0.0469297591019044,0.207293666026871,0.0638728501849622,0.0552209005581876,0.0807383490695079,0.0468315692211028
92,-0.201964661267376,-0.147583980256679,0.0166796972485766,-0.0944989645859952,0.203454894433781,0.0641363539581567,0.0517713412267663,0.0783991510664262,0.0447030708729017
93,0.185195789748544,0.138573294233283,0.118268323081394,0.132432706914272,0.190019193857965,0.0660186859016729,0.0581243983382293,0.078138099797451,0.0496469327728799
94,-0.0486620244932163,-0.0274254130480122,-0.234879961958981,-0.0697595350888004,0.190019193857965,0.0630579878835612,0.0527726833416153,0.0776506384617223,0.0452324058110648
95,0.0876561624199355,0.102013166158513,0.0975325777364198,0.0946493472361017,0.205374280230326,0.0657817191017749,0.0583345902475644,0.0847451139787626,0.0492575345583179
96,-0.166895828040206,-0.219634563907985,-0.0738030469113788,-0.177748044316999,0.211132437619962,0.0615323676065648,0.0499898996068844,0.0740710615849241,0.0431710044621764
97,-0.00947467133898089,-0.122317192792474,-0.0138872781359849,-0.1327417003784,0.234165067178503,0.066088307333669,0.0514482948812321,0.0794856134805712,0.0451134258494772
98,0.0652473009833832,0.0447250982114957,0.113930371333775,0.0769063145675984,0.218809980806142,0.0643111715760513,0.0542059842464244,0.077298484800299,0.0469315206650022
99,-0.118632491716536,-0.196020243262893,-0.0104497697068758,-0.15151263123467,0.195777351247601,0.0633169567677392,0.0521775174754405,0.0814742758236924,0.0453764372083821
100,0.0784776790324951,-0.00762282432919645,-0.201209681374922,-0.0647654242018574,0.18809980806142,0.0689121915734005,0.0586084927223396,0.0844071115920959,0.0505177587515925
101,-0.0688538525984696,0.0193291735440381,-0.113160277202166,-0.00285266821422901,0.216890595009597,0.0637205394693109,0.0528627374876511,0.076439634408514,0.045352260689814
102,-0.162461185712527,-0.0242651279123836,-0.153112935404657,-0.00226085713187527,0.234165067178503,0.0659720642841006,0.0548228513406775,0.0796778399992106,0.0466490398788053
103,0.149763113725943,-0.0818327249193078,0.0744872336071689,-0.0642361303226857,0.234165067178503,0.0661742747814768,0.0577545422431474,0.0792724152690806,0.0497673715331019
104,0.163251823306509,0.107439751864528,0.0925738636975334,0.096336053820621,0.205374280230326,0.0671328447304697,0.0606779773232952,0.0817538478371301,0.0513853973208167
105,0.0279444821867509,0.041300818019117,-0.171035208758739,-0.0435163688769666,0.213051823416507,0.0614544790813623,0.0526557169020034,0.0773297348119853,0.0449828458696205
106,0.0656855657452675,-0.198568244122398,-0.0376961358359363,-0.205328713814811,0.191938579654511,0.0622727839433626,0.0518083660320445,0.0773282393042878,0.044822097746733
107,0.032153214543397,-0.0865571710337288,-0.135098576025226,-0.145019251129709,0.205374280230326,0.0639372467910058,0.0518735993946602,0.0796709941107297,0.0450097008669637
108,-0.0258876581260675,-0.039559419908098,-0.11170066026808,-0.0388922979887657,0.18426103646833,0.0626964303102816,0.0556254808147369,0.0800652676432076,0.0472836139017592
109,-0.0413675783272775,0.130008881735913,0.0445909423323181,0.140698384970421,0.224568138195777,0.062394955587859,0.0545393974064779,0.0756785111761891,0.0461749818657625
110,0.122958953758199,0.0368970668574673,-0.0616405966521929,0.000274138508959115,0.174664107485605,0.0669047670229182,0.0587628051286202,0.0807886617799768,0.0504048156837558
111,0.0887145303449955,0.0664266408202468,0.0548582074687992,0.045001866061642,0.241842610364683,0.0636971065622846,0.0552496277695222,0.079515122320621,0.0465921709316958
112,0.0863534455800312,0.120636204896756,-0.0634521097811101,0.0473804729405483,0.205374280230326,0.0686160714657542,0.0573550547562989,0.08270325119042,0.0496378531761009
113,0.181908492883423,0.194205479778614,0.0166651014286679,0.115749262656352,0.203454894433781,0.0663673336027931,0.0568286393089681,0.0817332710133631,0.0491590845809658
114,0.0326437787603538,0.0394235454638867,0.158700417383677,0.081932307012797,0.197696737044146,0.0651803287120191,0.0565745336687133,0.0807129586175005,0.047552197945859
115,-0.179007817844198,-0.196324198362252,-0.142194032334495,-0.183452998471557,0.186180422264875,0.0606893786117277,0.0501868088268516,0.0735533576469258,0.0432691559544522
116,0.146688708522392,0.102539324488306,-0.0537000530682307,0.0465333671408257,0.190019193857965,0.0664520558782658,0.0565663866477773,0.080727410350205,0.0490780316816928
117,-0.059602018462663,-0.162349932159747,0.0397636643663628,-0.160121141184821,0.197696737044146,0.0644986402955705,0.0526221603281029,0.0803647648286096,0.0455610072348359
118,0.0433204695877559,0.214529839423839,0.163371749269327,0.196353952019295,0.199616122840691,0.0674634740099708,0.0576906497691958,0.0856434462620614,0.0492296294995523
119,0.0751923002459839,0.165401462359594,0.183714376866608,0.194381033168413,0.205374280230326,0.0725828818191691,0.0613206617685742,0.0867827880801267,0.05258595857595
120,-0.0414264725300368,0.0652839033941621,-0.0630459066220817,0.0722163657214811,0.222648752399232,0.0638937055195684,0.0559349547636941,0.0796175330574456,0.0472478450171916
121,0.117661206945896,0.132596596234787,0.00200702705204196,0.071903832501434,0.211132437619962,0.0653011465456625,0.0565953073809118,0.0782551892699568,0.0486087137697646
122,0.00249448622183685,-0.240117018633411,-0.155033915547629,-0.254457083115057,0.197696737044146,0.0640474136878938,0.0513447275373756,0.0783957909284893,0.0448436397267798
123,-0.101858406179378,0.070023740550583,-0.0977456886127256,0.057570792145292,0.193857965451056,0.0652371769631978,0.055734882460751,0.0815431286888957,0.0475717659849385
124,-0.0130629158975814,0.0450260278775922,-0.0673611168418089,0.0457255249587394,0.195777351247601,0.0628089472849355,0.0549989957399079,0.0786476984848548,0.0466992769398884
125,0.126893633830411,0.104397287738091,0.150122544849879,0.116621441448099,0.191938579654511,0.0686673662323686,0.0606453258470614,0.0787742938752215,0.0510858961904171
126,0.0734073486792637,0.0595985443573204,-0.0697249641162627,0.0469321656097521,0.232245681381958,0.065324403484656,0.0570064740335823,0.0783809396895962,0.0486581507822606
127,-0.0141723140800282,0.171096130779184,0.062176134094153,0.162542859882345,0.197696737044146,0.0675334059452504,0.0561785116221907,0.0816865644781884,0.0476672624596853
128,0.0196697938193795,0.0665048857869404,-0.0103998245326037,0.0681573212363698,0.26295585412668,0.0651031709777833,0.0544658354275941,0.0774512912664205,0.0460945812876272
129,0.190171397365162,0.0970595097054161,0.0597927112223127,0.0567169935325215,0.213051823416507,0.0685885933426406,0.0594989552644381,0.0807872103838066,0.0504882117901473
130,0.0651124732366302,0.127624484029324,-0.00755437635292134,0.110501113572774,0.213051823416507,0.0707198599149491,0.0616310314667887,0.0886732209325494,0.0529853987632736
131,-0.0944934643910178,0.00881985218636937,-0.205327173738724,0.00482187546970898,0.203454894433781,0.0636057882488779,0.0564081293263687,0.0803937740701495,0.0475556498562319
132,0.0414994681593073,0.0780755822714662,0.0451883434205864,0.076870388827602,0.228406909788868,0.0641562098519317,0.0547526041785167,0.0776871276095088,0.0464020171038692
133,-0.170599640612545,-0.203994048966971,-0.0702597430010819,-0.159047639497149,0.197696737044146,0.0626690403366486,0.0509005975318051,0.0809511814335722,0.0445836571902912
134,0.0117473961373085,-2.92180354770164e-05,-0.0508669157646355,-0.0265606962051188,0.213051823416507,0.0699444904853095,0.0583931353939529,0.0872561248331427,0.0505059232067751
135,0.106471114430894,0.0669375329259165,-0.0752669125786139,0.0188342212757058,0.209213051823417,0.0650629461400988,0.0548276848812593,0.0808582749889389,0.0474973300642372
136,0.165518691286218,0.063361673322179,0.142092861641645,0.0734455628267488,0.199616122840691,0.0700566548919287,0.061434077043354,0.0822453632788639,0.0521926700619614
137,-0.0525780420788391,-0.0119524115586923,-0.127190963648202,0.0051711515913977,0.218809980806142,0.0636413952214125,0.057178087017297,0.0804488231172363,0.0482447693003433
138,0.191688760587714,0.0739336157532587,-0.0781566815530028,-0.000227410965602348,0.228406909788868,0.0654531023765417,0.0581101272743548,0.0813039309135119,0.0499519699570277
139,0.146062619250162,0.0821853363309901,0.141360019888276,0.086269477423926,0.18426103646833,0.0718352897720117,0.0616544612223821,0.0839025255141502,0.0525548516307673
140,0.122768262057017,-0.0346171329919388,-0.136125980673601,-0.0745282437783111,0.234165067178503,0.0681773157849778,0.0612753231349029,0.0832394778464728,0.052387748732581
141,-0.0322202198655074,-0.150253673787186,0.0154339043022228,-0.128007596905623,0.205374280230326,0.0619488382552163,0.0518948555587105,0.0798281867970295,0.045146684910569
142,0.0577550987370693,0.111288740309402,0.106206953401798,0.131173633357813,0.234165067178503,0.0677721944806245,0.0579339114916928,0.0840362225073739,0.0490822837233901
143,0.0867942824154675,0.160868789458015,-0.0105576299912683,0.10674303753871,0.201535508637236,0.0670112545113476,0.055776473565347,0.0833667373893984,0.0474369220042286
144,0.0763906722753536,0.0159265868173484,-0.0431133957028196,-0.0118215932749689,0.18426103646833,0.0716151478526099,0.0566225178906486,0.0813223642249437,0.0494173367951268
145,0.191012057074758,0.0668977682213499,-0.0485279908690348,0.00131859101015519,0.209213051823417,0.0666021549855125,0.0586842313485988,0.0811433588957253,0.0499992309412947
146,0.0151930322186264,0.0609614380387475,-0.0564761457661201,0.0346082644797213,0.190019193857965,0.0649094321152611,0.0574191990173816,0.0802602987560855,0.0482000506986105
147,0.023793330541776,0.0364737345631513,-0.165826251112687,-0.00890393202903744,0.203454894433781,0.0659982988262987,0.058436605883465,0.0822040660589458,0.0500890639516937
148,0.113630581839529,-0.00161160642921873,-0.022272048081301,-0.0151714363497739,0.18426103646833,0.0661857395099514,0.0564655441460805,0.0802722768393687,0.0487518637169587
149,-0.0377780042306565,-0.138891231255411,-0.134673188674483,-0.161638113823605,0.205374280230326,0.0665675518390632,0.0523835503166241,0.0858598718091366,0.0461770167873981
150,0.0783162596341404,0.0373671427391463,-0.0433736447694712,0.0195547793692712,0.201535508637236,0.0643468460956142,0.0591972824384926,0.0817834920222819,0.0505807171126265
151,-0.0245263876749084,0.0199993257383747,-0.0368765016909014,0.0177477901201224,0.224568138195777,0.0661261499252115,0.0559336354669411,0.0794889087997916,0.0483090507858739
152,-0.0717742575609878,-0.238785606099544,-0.0878143509150119,-0.212019748071476,0.199616122840691,0.064165734092221,0.0511079874609368,0.0793818826887347,0.0446289024297244
153,-0.0883041290480105,-0.0658387636419355,0.0303927889318633,-0.0541381260951175,0.166986564299424,0.0662025316447545,0.0519995727367458,0.0792651944708678,0.0452431047750636
154,0.0609389879598943,0.0228558425524998,-0.0316393600404234,0.0234518541854644,0.201535508637236,0.0635568068688423,0.0567841071850004,0.0824901588800087,0.0479325295466252
155,-0.197096806118764,-0.117024588218211,-0.203273165547599,-0.123925637237149,0.203454894433781,0.065694042457905,0.052802571362601,0.0833726883638168,0.0459678025011915
156,-0.194225879666391,-0.150518938449001,0.0227141645893451,-0.0986825464022936,0.203454894433781,0.0642551068532898,0.0508054561622185,0.0784784452360688,0.0441744281582192
157,0.0356022592898745,0.146156533981391,-0.062279248633812,0.0839534790773817,0.226487523992323,0.0637715366492691,0.0537356547454683,0.0781301135870084,0.0456745320346101
158,-0.10140477828633,-0.127171843665307,-0.0699098894178802,-0.136111126618013,0.211132437619962,0.0621458318722612,0.0517104126241888,0.0798715215941881,0.0448720169221112
159,0.185609542185873,0.131835010864576,-0.00761289557130115,0.0804487577659312,0.191938579654511,0.0664909968061751,0.056758551470658,0.0819085055444529,0.049254451488384
160,-0.107776889713396,-0.15930898373426,0.00588632692032279,-0.13116396792715,0.207293666026871,0.0611305602799379,0.0509482006078805,0.0814526458367132,0.0445581352891038
161,0.0691665436409947,0.150012458057947,0.0634104618700006,0.115557056979528,0.228406909788868,0.0650083382151623,0.0578366150387033,0.0828858656591629,0.0485098194674823
162,-0.0159494041472483,-0.0196574676589977,-0.0149525110684043,-0.000168216911169495,0.191938579654511,0.0764857245431588,0.0592390537367707,0.0870176328162556,0.051895581278182
163,0.0329939162691769,0.147904150005647,0.129274920873175,0.139547055235013,0.197696737044146,0.0675935164152834,0.0584734774186365,0.0798545169751137,0.0501501893199302
164,-0.0121650977855652,0.0630622070941603,-0.0101055111427901,0.0443460874726126,0.211132437619962,0.0690933451216197,0.0547326849192696,0.0794327590355748,0.0475880894009062
165,-0.0328721156252042,-0.000605110645167004,0.0363456228482442,0.0296147179730563,0.186180422264875,0.0646918291761308,0.0552146842212204,0.0782149276917019,0.0466982318595627
166,0.0667623422303701,0.0631336172915905,-0.0840102218341066,-0.00500165499151026,0.201535508637236,0.0679504952949053,0.0569448959563526,0.0825578490648536,0.0493201860610302
167,0.0197701326600424,-0.067132881797451,-0.0623336792207203,-0.112770413545013,0.178502879078695,0.0629018228862072,0.051478205421511,0.0773952558539154,0.0446074152279138
168,-0.180600000227936,-0.177898001925197,-0.191841723934549,-0.147216262474292,0.195777351247601,0.0636088440624761,0.0511869205954434,0.0795117721281498,0.0444476159826785
169,-0.0686450836008414,-0.1648732029353,-0.171030107697363,-0.176678312514914,0.239923224568138,0.0618968022865756,0.0511004738828602,0.081654431279195,0.0445417494192709
170,0.168138910892518,0.0745920273235367,-0.0149248412452158,0.0296591099028186,0.218809980806142,0.065055984283597,0.0583890474048232,0.0836000929558215,0.0501369857363129
171,0.141094867395812,-0.0261949709616432,-0.0392474955926452,-0.0627764657823131,0.18809980806142,0.0691602248918645,0.0581409999787691,0.0805419721305275,0.0498559824346252
172,-0.134997836096843,-0.193785446169982,-0.145303612507039,-0.185836066068587,0.205374280230326,0.0627929944084889,0.0516314675300277,0.0807177641357079,0.0446046128021801
173,0.0562304666495822,0.157587240037544,0.140543192849004,0.155157226367885,0.195777351247601,0.0664403267342885,0.0583678835963475,0.0824588458893561,0.0491623118457194
174,-0.0816599145215924,0.0206141258691872,0.0347596376209388,0.0736220643432866,0.232245681381958,0.0632065682983558,0.0535052403010359,0.0808429919362389,0.0459493344870588
175,-0.10950342956452,-0.138598151571028,-0.128154693351956,-0.158972410150179,0.199616122840691,0.0653484448873676,0.0520173047478897,0.0804422650820872,0.0452093454712285
176,0.0418933721794636,-0.00543574267776338,-0.0688292317287335,-0.0187955626464235,0.220729366602687,0.0643052550629276,0.0569716731997909,0.0803984922892334,0.0479199054062465
177,0.0779004560271908,0.0968481953928197,-0.00431365801782149,0.0563543696839366,0.214971209213052,0.0646183866720845,0.0538334832000979,0.0791162252239192,0.0458073076290838
178,-0.12351684289594,-0.00773482938369119,-0.1586198757818,0.0303462254595338,0.226487523992323,0.0656163236940595,0.0571963889955571,0.0812184598624372,0.0493767056300674
179,-0.0148449784778106,-0.23396973525785,-0.133679345764889,-0.238308798619769,0.213051823416507,0.0642318724039966,0.0517642174936679,0.0796444561958446,0.0452597278447798
180,0.00356105279152996,0.0890519820923596,-0.194028147946468,0.0309403963351976,0.159309021113244,0.0681289000689213,0.0587935417085306,0.0886338267062307,0.0500131616312095
181,-0.170296507067851,0.0071429245478584,-0.0523979139034213,0.0377789858816925,0.197696737044146,0.0683267250776256,0.0567159761254288,0.0796810454466298,0.048698504545914
182,-0.0853056718687874,-0.0996689980841427,-0.0291344152738669,-0.093846213132197,0.218809980806142,0.0605958181148384,0.0504596552074362,0.0765076671311418,0.0435868808935755
183,0.243611658582907,0.0566783768471843,0.0427417059787869,0.00306843732652853,0.193857965451056,0.0723292743970318,0.0612410746398036,0.0863945948896033,0.0525829247844034
184,-0.140004870445785,-0.122043442021025,-0.114963447835556,-0.118161387045197,0.209213051823417,0.0624855584411688,0.0511766874943299,0.0793770411212881,0.0444648082514296
185,-0.0555757911649506,0.0223575832167179,-0.0194214488392728,0.0453242994025462,0.195777351247601,0.064749212697167,0.0536620562792776,0.0793788833139505,0.0460478094042848
186,-0.0638065987900427,0.00735340847137162,0.0385852498370582,0.0619385520517716,0.18426103646833,0.0689179032710693,0.0599083904600644,0.0835480154448758,0.0501847154281304
187,0.0354151828541022,0.0238885910703479,0.00816618608973683,0.0260337671990431,0.222648752399232,0.0623789657426639,0.0548716797383759,0.0824619548387008,0.0469291656431351
188,0.123493783983033,0.0968257650322888,-0.0760939285591073,0.0176255822302876,0.201535508637236,0.0641023034107498,0.0569611855690958,0.0810389219634225,0.0481108908444988
189,-0.000588884972538079,-0.020705066203898,0.0674902400675377,0.0460558384490314,0.209213051823417,0.0696453617816761,0.0609147313398392,0.078070615973025,0.0507327950614182
190,0.0272261836259159,-0.110568329185445,0.0429916481195624,-0.0516479760887797,0.18809980806142,0.0698242588108282,0.0570308619587475,0.0791677774123965,0.0488299556313623
191,-0.0129902805988766,0.0945052960924514,-0.0219065415440686,0.0770181563918545,0.214971209213052,0.066284644085496,0.0582636577253246,0.0813392002824498,0.0485048791968361
192,0.0762357109562448,0.105590889633889,0.0956947968475668,0.0762420783784552,0.18809980806142,0.0619197028344528,0.0517323552148317,0.0754228286464104,0.044319061719796
193,-0.0914106014789266,-0.0560119587724606,-0.144236943572614,-0.116722464648524,0.232245681381958,0.0612273127304456,0.0511132171404778,0.0796849721548215,0.0442592022187654
194,0.147677065355853,-0.00839362189476883,0.00776306609040041,-0.033478581450539,0.199616122840691,0.0655606477420715,0.055586462150455,0.0790893687823589,0.0479433232175639
195,0.0789848550301184,0.106369507112155,0.161990339011718,0.146959740105009,0.166986564299424,0.0687732704218217,0.0598776279794245,0.0827058363653066,0.0515679254197295
196,-0.0272956519092895,0.111695600796958,0.0569367106234624,0.116373811324498,0.18809980806142,0.068191058916276,0.0564039478618971,0.0854707423361414,0.0480816565335788
197,-0.00926074816706761,0.0731968361061307,0.147159796136059,0.112454180242164,0.197696737044146,0.0669436149150852,0.0565551931729911,0.083328183995713,0.047879911116515
198,-0.0144992336352695,0.163600115080341,-0.0236597103528753,0.134171219360378,0.203454894433781,0.0652474863648645,0.0556526980058657,0.0810435284895493,0.0472236172158109
199,-0.0470938630348237,0.027469366742139,0.085389007414378,0.082125854209235,0.205374280230326,0.0638656262791904,0.0558998445326831,0.0813266797255796,0.0476667005389919
200,0.0952206481695331,0.120894795003044,0.129308144747939,0.102870956981689,0.236084452975048,0.0629891572652583,0.0528951509172635,0.0746279639779509,0.0450155590385869
201,-0.143313556442957,-0.280182251804801,-0.08042064690719,-0.224803004392512,0.201535508637236,0.0609439591636045,0.0502256438547163,0.0765607644427729,0.0438415470989417
202,-0.00599772023583167,-0.224979004584227,-0.155680428622225,-0.231031163232594,0.214971209213052,0.0630658694309202,0.0529299478542302,0.0822763242475961,0.0459789017791541
203,0.133480024967095,0.0439972768971885,0.0100188184743368,0.0421167728529555,0.195777351247601,0.0702689995754279,0.0600660146621501,0.0880507537965191,0.0520306470427874
204,-0.0219537530531891,-0.172899666393491,-0.0955012756815542,-0.185541456501774,0.228406909788868,0.0629598249650365,0.0516490110090764,0.0787443338598746,0.0449831284115284
205,0.0840969479560981,0.0795633149603232,-0.0512390359762658,0.0553235537244275,0.207293666026871,0.0674670048910631,0.0583116912635499,0.0839947307512621,0.0490511210067391
206,-0.10384045547115,-0.148536842657183,-0.0885169384094187,-0.155904254993036,0.209213051823417,0.0617180518507617,0.0505239732828704,0.0790994466922243,0.0440298155592812
207,-0.017193129652923,-0.251219702036615,-0.0697866806983692,-0.223226421347648,0.18809980806142,0.0640294523147858,0.0518208072497498,0.0787550438231217,0.0450104663853716
208,0.177451007716751,0.0633896315460019,0.0340134856708079,0.0254632635418278,0.199616122840691,0.0671013919406176,0.0562708911732368,0.0804715039878494,0.0484173574462412
209,-0.158797945635106,-0.0794441703380174,-0.0678590928515886,-0.0826676215953439,0.224568138195777,0.064065877483505,0.0512758601990931,0.0800735004461196,0.0445240611953003
210,0.0815784219076155,0.100009255040373,-0.0507184383716608,0.0521279878047715,0.197696737044146,0.0655525260632789,0.0569609618633146,0.0787173515092139,0.0485257772030385
211,0.110510225097799,0.0557416491558695,0.0295746615086735,0.0309010121587234,0.216890595009597,0.0696957136107994,0.0611350851709315,0.0867623529109553,0.0530907900064844
212,0.0760932951569324,0.0527912754491385,-0.0468362968629111,0.0246042251678359,0.186180422264875,0.0659687007977138,0.0545852542820796,0.0753415715099797,0.0471308911975392
213,0.20859176402061,0.118383365152267,0.162075026140229,0.117567231817795,0.168905950095969,0.0666369214344332,0.0587336882904173,0.0793000866075996,0.0499490868520114
214,-0.0240615772794295,-0.166112150753145,-0.111930114100309,-0.167446128740357,0.232245681381958,0.066001630686737,0.052043626880951,0.0841766352801617,0.0459528852195742
215,0.0338772487538044,-0.0956520560979455,-0.113393763547683,-0.152834404479097,0.203454894433781,0.0620925703961185,0.0508709950173383,0.0773933560849107,0.0441874895690996
216,0.159595198567951,0.104387726710405,0.148961866103628,0.0963969064417807,0.203454894433781,0.0694505843913356,0.0564529457109193,0.0776203659680756,0.0482219406809612
217,0.0331877200301009,0.11166507030677,-0.0583161295216461,0.0895324549129733,0.195777351247601,0.0652101963904312,0.0554222112179378,0.0822152415235174,0.0470760801713195
218,0.113248805618539,0.0445365223725858,0.0906285852148619,0.0260442722875281,0.209213051823417,0.0636464293102131,0.0556564488887045,0.0776324142748999,0.0475341754191174
219,-0.15147675382686,-0.118373155122302,-0.051034655716418,-0.112282830616476,0.199616122840691,0.0616647840569742,0.0515844350405765,0.0825391969880447,0.0451352687372935
220,0.108494080078863,-0.00131462285262702,0.0159209036400312,0.024520770359932,0.211132437619962,0.0664066183433459,0.057990023388718,0.0786943779823089,0.0496991747171008
221,0.127475139596886,0.0189603141386053,-0.121829328951242,-0.0389700169194213,0.230326295585413,0.0654874185335721,0.0569170304625177,0.0813001575490423,0.0489091744213918
222,-0.0261252221835518,-0.021351860207275,-0.128382256620632,-0.0184178143255208,0.197696737044146,0.0669073398890575,0.0559343656915098,0.0827533536418864,0.0477290198059883
223,-0.0307766580105502,0.0665777880724528,0.0559552107046694,0.0912684786264714,0.209213051823417,0.0669562991077179,0.0573416805793961,0.0798812040080449,0.0492789514166661
224,0.0696140724667846,0.122409507042563,0.0741173999806009,0.12099316419234,0.18426103646833,0.0689260591629797,0.0610943786757174,0.0855236659926565,0.0527288734260759
225,-0.0283324321718008,0.0641989630066089,0.0282201134339996,0.0903360175304982,0.193857965451056,0.0634265307800966,0.0556406712142417,0.0809905459433448,0.0472097337380521
226,-0.0871796517541678,-0.0235643843222146,-0.037265119589012,0.0252936413216446,0.205374280230326,0.0646303183132939,0.0544354016178426,0.0794744936364469,0.0462622608295989
227,0.0645794020233447,0.083775485133069,-0.0277067513541999,0.0540080669511508,0.214971209213052,0.0664348246670425,0.0565965907457997,0.0776973153604613,0.0484264884353383
228,0.0928766636932627,-0.0221053705176245,-0.0432758737482686,-0.0284321270613839,0.195777351247601,0.0654960230164879,0.0583251367023487,0.0787623127239921,0.0500212961969085
229,0.0961495478160431,0.063807296191541,-0.098351847987144,0.019334287310497,0.209213051823417,0.0634238831646446,0.0586918899680038,0.0888098916864448,0.04976307631303
230,0.111177336183466,0.00378831428746373,-0.0991678552480885,-0.0384412147506492,0.201535508637236,0.0655633316313008,0.0578768246037756,0.0799530815855399,0.0492938932122578
231,0.228565325803284,-0.0103523400007482,-0.0256077163291852,-0.0622215671314142,0.186180422264875,0.0643880471482467,0.0569095792589846,0.0787598758750402,0.048793044861595
232,0.103569060881985,-0.0479211749919306,-0.106963657564718,-0.0579688554898207,0.209213051823417,0.0675539722214305,0.0624108515101629,0.0846429275620741,0.0523244146820454
233,0.027135802883616,-0.0562816497412597,0.061981854219105,-0.0788156537595607,0.205374280230326,0.0662715981638729,0.0519499131982112,0.0815047816359257,0.045493947434482
234,-0.228036931837429,-0.249137721938492,-0.238085493604857,-0.236668172825889,0.224568138195777,0.0637452821688211,0.0508369731436128,0.0799644330013731,0.0443507667149548
235,0.130689825893263,-0.0264725547719985,0.0402423172426578,-0.0354873430244937,0.218809980806142,0.0670761779157853,0.0561845245990414,0.0767186528530965,0.0476345639973709
236,0.03709438549048,0.135165914581281,0.152477219183401,0.148331163089106,0.197696737044146,0.073329341361562,0.0598529158506545,0.0802115042749546,0.0512180903574007
237,0.0557332794518656,0.205591111128291,0.0256014861205089,0.181427965686129,0.201535508637236,0.0692934724232651,0.0594482718561405,0.0816794689503538,0.0506424538535657
238,0.0426374199266985,0.11231308619686,0.049716861829625,0.115402625418275,0.203454894433781,0.0693907386929418,0.0571919769412865,0.0811685223103111,0.0493308221082205
239,0.100909165520786,0.113385091106521,0.184483680183353,0.106669888700154,0.213051823416507,0.0647401143121669,0.0582206666414544,0.0783988623885036,0.0494374834662949
240,0.0260337761831687,0.0662604988696286,-0.117094767864137,0.0209463364698756,0.18809980806142,0.0648647952542808,0.0546025030081007,0.0767474719822257,0.0469324087006746
241,-0.0208722922130937,-0.182930484361918,-0.13873440556242,-0.218185877294018,0.205374280230326,0.0633393515734434,0.0504017551944755,0.0756028700835739,0.0437459101385679
242,0.148810792507197,0.0253343187490321,-0.0414581023424794,-0.00256587661044671,0.199616122840691,0.064904743600916,0.0597687964079046,0.0836519608901341,0.0511519090247621
243,0.0527781421470906,0.0984680543628625,-0.00882820785940752,0.0657712587693924,0.207293666026871,0.0630119604341863,0.0542312475132941,0.0797932285321603,0.0463963212246528
244,0.0209934390555238,-0.163795793370926,-0.200377006858294,-0.20962247810113,0.199616122840691,0.0611139560763946,0.0517858262677185,0.0793564404095307,0.0449936912696154
245,-0.13298431487311,-0.166322483365071,-0.161814551512906,-0.169975118608863,0.201535508637236,0.0666033373245279,0.0527706772465399,0.0822894689329632,0.0461977108822478
246,-0.00392792917862529,0.00982206045010814,0.00393667082253918,0.006339345921273,0.234165067178503,0.0633176019367017,0.0548542100782993,0.0792533236460352,0.0466164537929127
247,0.0641808334750228,-0.140392385242542,-0.0990250736044458,-0.180281504285608,0.216890595009597,0.0608092475938442,0.0499148437990959,0.076958134523191,0.0435160987484029
248,-0.101424262670161,-0.182520535692213,-0.201553455366423,-0.211350744984769,0.203454894433781,0.0648128602665483,0.0528536298808469,0.0843511628733181,0.04597216190781
249,0.0419696071555589,-0.00710391812627868,0.0368914556433306,0.0411740245484656,0.186180422264875,0.071543480725527,0.0590054720965123,0.0824062848242108,0.0505596867404237
250,0.0360516748436726,0.0565871080982842,-0.0117470507371179,0.0735049360202557,0.170825335892514,0.0695503592046721,0.059978508142323,0.0844492985543171,0.0512058616542115
251,0.0071755506508272,0.0832278334176701,0.0789880640693741,0.090016555788032,0.182341650671785,0.0658187588375023,0.0535558085506087,0.0751427127956884,0.0462817696738359
252,-0.0625196934060415,-0.228611003112875,-0.0951252963502393,-0.228859757570508,0.203454894433781,0.0632899492925636,0.050583322145985,0.0761304906462414,0.0439947338667904
253,0.0686567180127698,-0.0251085896130927,-0.0725408426569745,-0.0574472318488712,0.211132437619962,0.0621826098073315,0.053961050330537,0.0760752206838855,0.0464145097736684
254,-0.0649202156780356,0.00446736051389793,-0.0134461246066225,0.0264677080007534,0.211132437619962,0.065748181448173,0.0540498265688159,0.077194072829578,0.0459599095521682
255,-0.0337172623670836,-0.0833025836083605,-0.146787175250275,-0.14814590352038,0.203454894433781,0.0663293645171369,0.0521750667451649,0.084327850999633,0.0459842327881368
256,0.12763852261474,-0.16168668391299,0.0847022986472674,-0.159831690856777,0.205374280230326,0.0626967041535347,0.0517373775113805,0.0783185632020522,0.0450615028167253
257,0.159597317128992,0.0880743843196983,0.177076724662737,0.105718311346172,0.209213051823417,0.0708176990859438,0.060961697446808,0.0845696284516135,0.0521139095293147
258,0.195996467610561,0.0697356761598676,-0.0938155790546354,-0.0242730763972817,0.218809980806142,0.0677853785760991,0.0585354180169805,0.0844601702019322,0.050293091229727
259,0.0107717871552857,0.0733114843704945,-0.118555620236642,0.0372002329513277,0.190019193857965,0.0633092829885915,0.0568927104653027,0.0834016144845247,0.048318643057745
260,-0.0697954086470196,-0.140026106228714,-0.00576021872890387,-0.13663080453342,0.18426103646833,0.0637487558379993,0.0520956438184903,0.079946136273707,0.0452348036966233
261,-0.175716270195747,-0.154037280689151,-0.0257022665206957,-0.10533081393122,0.193857965451056,0.0627175255842725,0.0509231148771326,0.0805396576440938,0.044456346375074
262,0.0460585731435498,0.00137410344319106,-0.0951385884020013,-0.00811546276865423,0.211132437619962,0.0706950241750064,0.0568900311991937,0.080703434623412,0.0493904491665076
263,0.00445391940075019,0.06398224072751,0.190132636276769,0.139326792264466,0.207293666026871,0.0767554217195553,0.0660290745553625,0.0880131517279517,0.0556649076074907
264,-0.165516973787537,-0.254952503892144,-0.133833717423087,-0.243439709051739,0.178502879078695,0.0664618335360901,0.0520987702993486,0.0806993635761764,0.0457101411686015
265,-0.029933619216615,0.0030448250796279,-0.0490161865902463,-0.00442656105349553,0.201535508637236,0.0617356967869992,0.0527164145830493,0.0764587293001783,0.0449118633191817
266,-0.0299450110054581,-0.139218602862462,0.0408610291768549,-0.12183982827204,0.199616122840691,0.066327747176007,0.0515776465957752,0.0809361411611196,0.0451681351081306
267,0.0933549041691323,0.0644746537918824,0.0758745359039742,0.0977731771185169,0.186180422264875,0.067454560057836,0.0608701407836071,0.0839149389052767,0.0518870824139467
268,0.0730242690068085,0.0300545607519432,-0.115259437442212,-0.0166156163878955,0.216890595009597,0.0662090334260468,0.0560854657633991,0.0798033420500936,0.0481976457834334
269,-0.0311262718006602,-0.20106529164843,-0.0226233787119651,-0.174167235951861,0.199616122840691,0.0630874486903333,0.0503549838062648,0.0753382375484957,0.0436766901822871
270,-0.013374714211612,0.0456976783894882,0.159854148111377,0.112363713766482,0.199616122840691,0.068552423199877,0.0597167449696072,0.0861632886905012,0.0503077439140051
271,0.0977233698697995,0.166330452331759,0.173964929009566,0.193929256117793,0.209213051823417,0.0694685675805871,0.0608370216480966,0.0827035726923729,0.0515026310575142
272,-0.113163167592526,-0.0878389462597066,-0.0786208097348675,-0.0919023227011695,0.186180422264875,0.0648135521975463,0.0517439845221358,0.0843776742505019,0.0451615185531328
273,0.134014003743564,0.22539276093806,0.145385355941536,0.18325181223483,0.211132437619962,0.065732847651617,0.0584694119411826,0.0851459618342405,0.050514261025436
274,-0.0210399316785221,0.0425480911855995,-0.159928873616595,0.00867150558154921,0.205374280230326,0.0629606108428743,0.0522380861696846,0.0771229738694576,0.0447275003267753
275,-0.00658234265845215,-0.235379241767223,-0.192195301314071,-0.279720708982202,0.18426103646833,0.0606979963875406,0.0506450232882199,0.07529974567578,0.0439603934928517
276,-0.0858166799153948,-0.117981964369424,-0.1005711972237,-0.123496637190877,0.207293666026871,0.0655549677025782,0.0514204611120198,0.0809937023220958,0.0449509637067852
277,-0.0182464035495097,0.0108001979555059,-0.15031445214802,-0.0174018125123961,0.191938579654511,0.062746848294251,0.0527963660037124,0.0771765459843461,0.0452325156131733
278,0.0524284750839331,0.0829619386170123,-0.13890672463026,0.0046988919289764,0.211132437619962,0.0626151307019682,0.0527888113252183,0.0779534850882659,0.0451846060161026
279,0.0735538504869411,0.111000979177298,-0.0230649809085912,0.0856509686361319,0.216890595009597,0.0660894220455521,0.0577281744133928,0.080718693077513,0.0494929930874162
280,-0.0275742135089365,0.0538447621599321,-0.0976043031289445,0.0292635001667584,0.197696737044146,0.0634135458991704,0.0551264567273652,0.07690630584063,0.0463801251988233
281,-0.113075604524159,-0.117987273352555,0.00198615769794855,-0.086949621138005,0.18809980806142,0.0624071283978841,0.0501142895864972,0.0757936225613728,0.0434401545660948
282,-0.0702208862796261,0.00449475585752277,-0.127360164102976,0.0248925787440119,0.207293666026871,0.0646017088812624,0.0560465310993423,0.0808497420216981,0.0478821403052073
283,-0.112180548590342,-0.100784225195224,-0.0310453298118491,-0.0870991759557627,0.216890595009597,0.0619833983214072,0.0512316758263904,0.0776055909623049,0.0442487038655469
284,-0.0293387330566941,0.0363269238382795,-0.141784828462197,-0.010317406203361,0.213051823416507,0.0626051574305823,0.0540672886793656,0.0802681143935438,0.0464282730506538
285,-0.0596631046867394,-0.124793968578896,-0.079941568124279,-0.131229983377791,0.197696737044146,0.0642835446366267,0.051678858911257,0.0796502643561853,0.0450207636260902
286,-0.0427567829073646,0.0779644702036188,-0.0730348140611475,0.0939370272322848,0.232245681381958,0.0642002979028757,0.0550464585235733,0.0871916203580691,0.0474305968086481
287,0.0964069607331906,0.199178909082924,0.155194158299842,0.165603512412826,0.18042226487524,0.0638792324929693,0.0574632223132096,0.0863490598248137,0.0492718090834643
288,-0.0666408408381062,0.078901708275615,-0.10715650362198,0.0642669907230169,0.191938579654511,0.0639493110846251,0.0558310135402704,0.0802278952373535,0.0475756091048804
289,-0.0101705004339959,0.105295370510525,0.041701527907554,0.115184076031962,0.220729366602687,0.0630044797279913,0.0540316957606093,0.0770126489199281,0.0459357950801995
290,0.0855390183665385,0.0309001678911717,0.0375992785713194,0.0380648216958426,0.216890595009597,0.0672764847454134,0.0565600650055936,0.0779024905286642,0.0489163394362013
291,-0.109989213324434,-0.170944196471881,-0.19696822064716,-0.167664344753674,0.190019193857965,0.0617867742086139,0.051239235526176,0.0779273566190494,0.0442827410553649
292,0.131519330732761,0.121207651928155,-0.00350390660433776,0.0926541713067197,0.203454894433781,0.0696421116550181,0.0597304652956209,0.0836428419076197,0.0512785612332911
293,-0.0167572252246327,0.0821707689838953,0.00426363013017117,0.0702265424877663,0.203454894433781,0.0666422027050148,0.0563000128318467,0.0821641174142261,0.0478404631909289
294,-0.0917854386858506,-0.0613460439128832,-0.165497113225861,-0.072068821802963,0.209213051823417,0.0643255393221572,0.0539269741144548,0.0822228388879651,0.046504121020502
295,-0.124399938408472,-0.14732483370103,-0.195322608523025,-0.150101623747794,0.203454894433781,0.0607186454735076,0.0503322477199356,0.0804009453703931,0.0438317652808773
296,0.0464777211340202,-0.105986607746825,-0.00777899895001396,-0.0797896660983873,0.199616122840691,0.0633058137736799,0.0552512396183808,0.0773994654398462,0.0474014720425922
297,-0.122430559273127,0.0739175455139874,0.0968909855423759,0.136617333125528,0.17274472168906,0.0662666648357232,0.0574140217877636,0.0795029638607346,0.0482845087392909
298,0.0585355732305762,0.0622280369313698,0.120123305883587,0.0932721615118046,0.18809980806142,0.0718426980965021,0.0634943053703119,0.0870471255835303,0.0541081860608994
299,0.0137783022126264,-0.176460227241765,-0.12698474635548,-0.216911389527047,0.211132437619962,0.0659956479527465,0.053494140005438,0.0855453027901983,0.0468949814575444
300,0.171113442923713,0.0648185827820036,0.00977529694110156,0.033667673570199,0.203454894433781,0.0637116627783042,0.0577258783714886,0.0780524165789706,0.0489475468542372
301,0.0877683672170656,0.0483805789174045,-0.00474464779721045,0.0186556544571368,0.203454894433781,0.0691201746128951,0.0580123127520601,0.0860860120416852,0.0504709071287029
302,0.100585416309857,0.0713572350039333,0.0966983585567225,0.0767025380479082,0.170825335892514,0.0680935273535385,0.0575562995767295,0.0833848181782697,0.0496071270656588
303,-0.124033452725105,-0.190867337209848,-0.133667879265635,-0.198335967606613,0.197696737044146,0.0655917426239944,0.0524294307502714,0.085017610928299,0.0462502150411514
304,-0.07353234929048,-0.0336632123085333,-0.0574133606216375,-0.00886761171583257,0.199616122840691,0.0655913497714741,0.0555534132091972,0.0823239074626104,0.0473995290474118
305,-0.0226598151918825,0.0162012310990672,-0.0335126797769048,0.035046306709985,0.211132437619962,0.0648656583990971,0.0542029023931368,0.0819103738761701,0.0465334177935554
306,0.019750774969849,0.139111455103135,0.0486032354379022,0.136809712787141,0.211132437619962,0.0685031150912923,0.0581651160610528,0.0823976470736218,0.0498432449369809
307,-0.120348706940382,-0.194590928724656,-0.0949547983049808,-0.177914891941534,0.182341650671785,0.0617859051592983,0.0505976918493367,0.0746159161494882,0.0437885502622143
308,-0.0326839638698821,0.0594526074080207,-0.147623604354006,0.0106612347279166,0.199616122840691,0.0631469209903412,0.0541395379757626,0.0800507215858497,0.0463511397151057
309,-0.0882670036036052,0.0129150990099537,-0.0377797737765234,0.0216800443718079,0.201535508637236,0.065991255740433,0.0563056715127726,0.0827116974715606,0.0479699944395901
310,-0.123498033236234,-0.135434512871456,-0.0184215016778145,-0.116866770245002,0.222648752399232,0.065676632689944,0.0525935953161626,0.0828044879313803,0.0458873806056433
311,0.112053620817106,0.0918597936787772,-0.0999050819090045,0.0359675426165228,0.203454894433781,0.0663697675780626,0.0546384442358036,0.0791297694665819,0.0474516296639167
312,0.143672403900734,0.0628258673323083,-0.0384751029027036,0.0271369479462865,0.211132437619962,0.064604574460411,0.0560895946345911,0.0799204070478868,0.0479006787128588
313,-0.0316090030153245,-0.210515482908318,-0.288815110902895,-0.2542019272236,0.205374280230326,0.0631602187705643,0.0508282520842488,0.0834902143865748,0.0448443791155818
314,-0.181695244094819,-0.212853118082281,-0.0940219024088182,-0.18068203183112,0.209213051823417,0.0632566023278713,0.0509240809532474,0.079147970650821,0.0443698778844634
315,-0.0297420106200823,0.0512425369866662,-0.0844343972713293,0.0215795096030917,0.191938579654511,0.0648364138681099,0.0536551572046259,0.0781654948053316,0.0456878029713414
316,-0.223885797884167,-0.225638962004335,-0.117426139845245,-0.176460653216382,0.205374280230326,0.0621485327027575,0.0504343314424636,0.0773417353540269,0.0440686075996884
317,-0.044458332343665,-0.227000551279864,-0.0638638307388157,-0.202196835168475,0.191938579654511,0.0631898902478188,0.0524838132917222,0.0784945253367992,0.0453760236599995
318,-0.0643387688994852,0.141069143776944,0.181489755000606,0.194561428128482,0.224568138195777,0.0673910507061922,0.0574624973999459,0.0834002880789126,0.0486450198689465
319,0.131926753877144,0.0311567262703232,-0.0870277023966254,-0.00254978792708247,0.18809980806142,0.0664614492976284,0.0566814125296946,0.0788472511808969,0.0488715467303158
320,-0.0150391548273471,-0.152071083021363,-0.0570852404779614,-0.152600698963848,0.207293666026871,0.0658210016591505,0.0536070093344816,0.0867958408811927,0.0470244407504973
321,-0.0980624748076797,-0.200454678798856,-0.129331479318782,-0.182825049017694,0.214971209213052,0.0608547568254839,0.0502695834257221,0.0763842661500728,0.0435152071281043
322,0.12469798705319,-0.00331218980946451,0.0423965519147369,0.0104662646313851,0.17274472168906,0.0696895628224096,0.0607397646853466,0.0830274415011372,0.0513674013535231
323,-0.0581627653272342,0.0635580173822692,0.0436809186145008,0.0977302387292205,0.220729366602687,0.0663183734846508,0.0564073396827758,0.0813029769584744,0.0475763413010832
324,0.0568857200245117,0.0311460569539738,-0.0589468018459751,0.0225210923962251,0.213051823416507,0.0660075106659239,0.0598285241774784,0.0832538910421424,0.0508672972110219
325,-0.177413141696179,-0.200077555832313,-0.199252064273418,-0.183282877632502,0.226487523992323,0.0633619863186748,0.0510189098182837,0.0802059479385293,0.0444885880068328
326,-0.162223518265347,-0.136326215311545,0.0979343869370585,-0.0874603638363313,0.199616122840691,0.0632547381649398,0.0524657101920491,0.0833813481132331,0.0457661656083288
327,-0.202951428412596,-0.223239958538831,-0.203266536925578,-0.184723456592429,0.195777351247601,0.0607683154016071,0.0503670582929191,0.0758424684524337,0.0435229198371228
328,0.0698139428573288,0.0650929649172009,0.0850289040977805,0.0679738411649344,0.209213051823417,0.0641378224901045,0.0527361076924913,0.0762750135755512,0.0452884443448198
329,-0.0264991724365122,0.0177197562299328,-0.0827163927968138,0.0130640686064222,0.211132437619962,0.0657418480652081,0.0566295370758442,0.0811710838492853,0.0475252670333466
330,-0.0536370411092095,0.150791326714509,0.0244756035122137,0.147993816252268,0.214971209213052,0.0663955166664497,0.056385364926545,0.0814366631811393,0.0477417689492793
331,-0.0596917509170808,-0.00917708167813038,-0.127879260676511,0.000908564939550643,0.191938579654511,0.0630569774113044,0.0538368566276499,0.0785578869801761,0.0459607314416755
332,-0.0887346444653558,-0.175546621608981,-0.0537663007274286,-0.164280038535899,0.199616122840691,0.0644944067369974,0.0515508967450354,0.0806482633999925,0.0450523652023142
333,-0.0255734566893072,-0.121657836280436,-0.1072379260882,-0.140834128986897,0.211132437619962,0.0647203139142382,0.0519872302348201,0.081951470739884,0.0456610114607694
334,0.091714170129305,-0.00881450843008118,-0.0813681354452949,-0.0529394304300789,0.230326295585413,0.0686755860935191,0.057951695843767,0.0835627751194524,0.0503830506900021
335,-0.0649777318363892,0.0055327098999077,-0.135701376047309,-0.04347257918848,0.228406909788868,0.062583925371107,0.0522013445476826,0.0753960305006374,0.0446796169171384
336,0.143018677442105,0.206194112337576,0.132971354270564,0.171518502861473,0.207293666026871,0.0697689145333038,0.0613246602426042,0.0851128406561095,0.0525058812897184
337,-0.00717519039207142,0.0436445528982858,0.0187185133392517,0.0524044063253536,0.216890595009597,0.0638357201408491,0.0553177885655586,0.0764016359405418,0.0471743340445617
338,0.0709274254615985,0.0713823934909862,0.0278534964919643,0.0471947026279629,0.195777351247601,0.0695868807243828,0.0579928079909196,0.0849579663207944,0.0500767058204188
339,0.129681774206697,0.000245686335466699,0.00331685722302815,-0.0086579942037606,0.209213051823417,0.069534417795711,0.0596086231967374,0.0847346319560605,0.0515602633188904
340,0.0415797587566914,0.0174030662586621,-0.0409582663067163,0.0183109533191632,0.186180422264875,0.0697122380225259,0.0583917825261966,0.0805628061948203,0.0499119750654635
341,-0.0105914176397314,-0.21195520620343,-0.164076693174213,-0.250821989176068,0.186180422264875,0.064092153264569,0.0515856435229975,0.0800436529842816,0.0452615649992489
342,0.130442966072557,0.0728102077497314,0.0436915919523478,0.0779533954130626,0.213051823416507,0.0658702753884657,0.0580489862174453,0.0820981684278079,0.0498875207048809
343,0.0576505015675254,0.0509920038548976,0.0780518781866651,0.0644390786279373,0.209213051823417,0.0633988944903639,0.0564536468593497,0.0804701348930766,0.0476303762239328
344,0.0345319495030873,0.113593732445587,-0.0659229217629407,0.0695912386415992,0.209213051823417,0.0674559554146986,0.0587085606332928,0.0882874717137196,0.0491432666166723
345,-0.195127547734299,-0.255797889939864,-0.201877868643252,-0.221841857222518,0.178502879078695,0.0627426576780256,0.0510679826507516,0.0811794016589682,0.0447164452637313
346,-0.0459533091847186,-0.140440372950142,-0.133088119682132,-0.156208556909437,0.220729366602687,0.0625018961321998,0.0517135912927404,0.0778108735269446,0.0447647445345937
347,0.0154804775347492,0.124417521536297,-0.0525735752194583,0.0821544046017271,0.216890595009597,0.0686085714678542,0.055955548073922,0.0837863399596058,0.0475124092105724
348,0.176206232997191,0.085892647972182,0.0667466036927449,0.044960384223741,0.199616122840691,0.0663045990311318,0.0557562307705384,0.0805341131620775,0.0483312920892043
349,0.0712917332896535,-0.170003809685862,-0.0219097361932405,-0.192711878281486,0.211132437619962,0.0617693365506674,0.0517337734790585,0.0778768620141536,0.0447629210328108
350,-0.0706498267088658,-0.173501465958368,-0.0770767051963536,-0.162925216063061,0.203454894433781,0.0621581218380024,0.0511883799564567,0.0808301643787039,0.0445991589737001
351,-0.016837310471847,0.0597614176191445,0.049321523531077,0.0811634988536384,0.205374280230326,0.0641695359380455,0.0544206743745581,0.0806300563081685,0.0464346988684508
352,-0.0415479596382649,-0.173574836362382,-0.221537317643434,-0.213997193080102,0.209213051823417,0.061959996761042,0.0523518174515449,0.0819423212304047,0.045595020612083
353,0.166244469249419,0.1113307508036,-0.075173134451839,0.0464029591834349,0.18809980806142,0.0673921080929134,0.0577688907409512,0.0838796943614667,0.0499581232547767
354,0.0217180048939919,0.13749068261349,0.0266061710995615,0.107442219012708,0.195777351247601,0.0671952972897592,0.0550460345744197,0.0800257543872244,0.0470197018038304
355,0.120122098390524,0.184478503603773,0.149114995209869,0.181581088280425,0.195777351247601,0.0702780421417378,0.0602106425910867,0.0820625475247277,0.051525390660432
356,-0.217731930718898,-0.189799768151306,-0.143075653650798,-0.156344794399487,0.193857965451056,0.0614076733058221,0.0510384322376895,0.0809505645560327,0.0444664170088694
357,0.00103698092347126,-0.158134552167731,-0.0180367545709639,-0.153607729988426,0.207293666026871,0.0643413784990154,0.0525132018527393,0.0819556754930574,0.04577569260866
358,0.0129262770778673,-0.157263409965036,-0.0534598987273441,-0.175930936544977,0.207293666026871,0.0654701571048438,0.0512597527350716,0.0782315684104299,0.0449895833238816
359,-0.129367843153908,-0.1271404553376,-0.195970665972283,-0.153849720666896,0.205374280230326,0.0621966641210764,0.0506247162149225,0.0806741541377298,0.0443860137967603
360,-0.0093066963870304,-0.0121447743284724,-0.0340002658750668,-0.0141862144325844,0.203454894433781,0.0634087534079188,0.051982778556271,0.0753822189197208,0.0445491819457954
361,-0.0888148549315191,-0.187249557673844,0.0315199623932279,-0.153165723047787,0.205374280230326,0.0633521287300858,0.0518741525677814,0.081426936855841,0.0453761466810143
362,-0.0972583965890677,-0.141982992706854,-0.0840087022638997,-0.144676981204551,0.216890595009597,0.0614373894234482,0.0514797009755492,0.0812684256570924,0.0447454782759105
363,-0.046695467628278,0.031090807266671,-0.0515779972936672,0.0391720600975106,0.193857965451056,0.0638718574978782,0.05459659478997,0.0796262071927637,0.0464810847740609
364,0.023763108609283,-0.253605332956984,-0.0976093951018757,-0.252809588439391,0.18426103646833,0.0625811422609878,0.0515432066835191,0.0780971910583582,0.0449655212748291
365,0.0521522404388681,-0.161591919549428,-0.103770986805831,-0.193498822378287,0.199616122840691,0.0612142592344865,0.0520920616436168,0.0785326349235657,0.0449658737177213
366,0.00924495244767968,0.0176047020988454,-0.0856878204220647,0.0155392077691777,0.193857965451056,0.0626770920425038,0.0553619643789763,0.0827777049433477,0.0470137430388649
367,-0.00704592851239632,-0.170411297926206,-0.0288040204108498,-0.171686039149236,0.197696737044146,0.0638595063743996,0.0516534953325915,0.0796744688741309,0.045061059862014
368,0.0263846908101193,-0.189306094654821,-0.0965752415871662,-0.177321705846682,0.218809980806142,0.0623007455566571,0.0512664056953664,0.0773947330301253,0.0444670604415319
369,0.0250313371160435,0.0148685358261762,-0.0767373188508343,0.00477978364177027,0.218809980806142,0.0674488812786758,0.0575336662039692,0.0826196365770227,0.0485979941349062
370,-0.0761952021294544,-0.241595613919853,0.0651262254965767,-0.194479509206317,0.197696737044146,0.065278391980305,0.0518289099212397,0.0802892567550168,0.045607781608199
371,0.0551778582319078,0.0771465796284057,-0.00363850006395021,0.075424710333137,0.18809980806142,0.0698130460222272,0.0632171407525116,0.0890527801218996,0.0540599967688989
372,-0.0856490048180002,-0.175321532691479,-0.144775428974548,-0.182537374153812,0.199616122840691,0.0625487856835287,0.0508914348499891,0.0805170817546113,0.0443098272887533
373,-0.0247205289379852,-0.168984878188108,-0.032986570794743,-0.150130240854622,0.201535508637236,0.0610029251834646,0.0502724961284647,0.075406439025286,0.0435152874226057
374,0.0223918792013181,0.0359435758270343,-0.136842621795195,-0.0104293159809193,0.201535508637236,0.0637129545321941,0.0547598877316839,0.0794616833777036,0.046523781457554
375,0.0153485432468565,0.169565515445186,0.082064659927238,0.144275102379035,0.209213051823417,0.0633631852707912,0.0563560252693184,0.0821806187619163,0.0481495278858265
376,-0.0714212384070147,0.00406655838416918,0.0450318788904089,0.0381625534873338,0.201535508637236,0.0656818142837575,0.0545417863581129,0.08253621910844,0.046692890634035
377,0.115036971043248,0.0634223116320649,-0.177491310338019,-0.00704326377527387,0.203454894433781,0.0654772981158446,0.0564661129122768,0.0842319086360883,0.0491372837393217
378,-0.0116314827732518,0.106282566561548,-0.0193813551127456,0.0906604433386638,0.168905950095969,0.0702502913832656,0.058453563532492,0.0822748906444473,0.0500452034799126
379,0.119761959913009,0.174376067758302,0.00340097951244041,0.123991787509473,0.222648752399232,0.0662347425321771,0.0576930311040151,0.0850292087134376,0.0502628861127697
380,-0.0785279781713825,-0.0119241650349505,-0.0492428368568407,0.012281336415982,0.214971209213052,0.0650554156491681,0.0536517053274456,0.0806330202944306,0.0460611762934278
381,-0.113964425588293,0.0619464876596204,-0.0802142543920691,0.0662531336793857,0.205374280230326,0.0635194722601133,0.0545273303583136,0.0798626179922529,0.0465569850647795
382,0.0102353247878886,0.0422448316462702,0.0860446678937651,0.0546486464234952,0.224568138195777,0.0635850336597421,0.0533356616112403,0.0764079342989644,0.0454135291572744
383,-0.1208564508977,-0.118093905503267,0.0621050052149541,-0.0804145810881748,0.207293666026871,0.0637902034733591,0.0518239417114292,0.0791733063654252,0.0448280646756083
384,-0.0745273211240062,-0.191362884018117,-0.141010373884975,-0.215354181737779,0.222648752399232,0.0627669474514618,0.0511022005931168,0.0797077378940202,0.0447001730985148
385,-0.0617803755995697,-0.216712913877205,-0.18342492487651,-0.229519248084288,0.205374280230326,0.0619879380782435,0.0501877646639895,0.0771266749034039,0.0437530677773784
386,-0.109296521743462,-0.125952976464451,-0.0582134109217111,-0.109652376791211,0.226487523992323,0.060950526657925,0.0506768744009889,0.0819821053335223,0.0444149471775821
387,0.00871543063268365,-0.223129135767631,-0.0876381753968385,-0.239129308969396,0.247600767754319,0.0626115201560707,0.0517556921682068,0.0808653448241601,0.0454834780648226
388,-0.0493591019941957,-0.262579769430096,-0.240095109358624,-0.264727376689744,0.232245681381958,0.0604554239256196,0.0499317396714649,0.0736527391047945,0.0431052167510058
389,-0.129401475617124,-0.262229236257071,-0.130133883246806,-0.239005917699787,0.203454894433781,0.0615559167272182,0.050800529533288,0.0784210328672575,0.044220031365061
390,0.0335036297020919,0.00135971907407087,-0.161073415672397,-0.0387569628956134,0.209213051823417,0.0693389694292559,0.0600009927087355,0.0866119712593457,0.0518708461384245
391,0.171232131311246,0.0934708404151595,0.189566005721828,0.124757908241774,0.197696737044146,0.0694309665647321,0.0607542202428857,0.0870056859089868,0.0523841374922948
392,0.0376261024969098,0.0516078306012172,-0.0295402106279921,0.0403596378392227,0.197696737044146,0.0642504406901368,0.0561041340295376,0.0834579210239332,0.0478617452652096
393,0.124488047361655,0.160476232071896,-0.0642573798046213,0.0829967649023784,0.191938579654511,0.0696437388199346,0.0619683436316657,0.0856670781924592,0.052481889959897
394,0.0154396785915904,-0.140238652248328,0.122305951038224,-0.10525248152558,0.201535508637236,0.0634114781661128,0.0526214199336452,0.0792036493232883,0.0453519402071322
395,-0.0421102584602131,0.0416082613211813,-0.0966871523469744,0.0466728186683053,0.218809980806142,0.0653031127739575,0.0557427462529379,0.0813870431651503,0.0474594653389251
396,0.0811856419716489,0.0132999702769482,0.00775989403289431,-0.0110601788500505,0.199616122840691,0.0671013201025017,0.0569249371778041,0.0795779012644285,0.049046214888689
397,0.121828209701661,0.114716455179046,0.182222210132553,0.136797811112516,0.18809980806142,0.0690791038684729,0.0570805563468431,0.0805534580109791,0.0487961549294121
398,0.0364454378276695,0.0462485003393848,0.00553558541853295,0.055486901733546,0.186180422264875,0.0665361670542153,0.0571268444594434,0.0835075155795522,0.0490370235315321
399,0.0589330358366507,-0.0743376824277946,-0.138628073735156,-0.0935682760791115,0.203454894433781,0.0647685461938462,0.0540204068072911,0.0753492513755175,0.0465645408166828
400,-0.0341614157433866,0.00178615832778193,-0.0701539018371028,0.0266043677673673,0.18809980806142,0.0686659335836102,0.0577576336010308,0.0821193864318193,0.0500132888686423
